{"stats":{"minecraft:dropped":{"apocalypsenow:human_flesh":2,"minecraft:oak_slab":2,"minecraft:dark_oak_stairs":2,"apocalypsenow:police_helmet":1,"minecraft:black_dye":1,"createaddition:barbed_wire":5,"tac:mk23":1,"minecraft:leather_helmet":1,"minecraft:stick":2,"minecraft:iron_block":1,"minecraft:cyan_terracotta":4,"farmersdelight:melon_popsicle":2,"minecraft:torch":1,"minecraft:smooth_quartz":1,"solcarrot:food_book":5,"minecraft:potion":3,"apocalypsenow:chips":3,"minecraft:iron_pickaxe":1,"apocalypsenow:glassbottle":2,"minecraft:stone_brick_slab":3,"minecraft:bone":4,"minecraft:gravel":1,"apocalypsenow:pipe_wrench":1,"quark:gray_framed_glass":3,"farmersdelight:cabbage_crate":1,"apocalypsenow:small_can":2,"minecraft:bowl":1,"minecraft:rotten_flesh":47,"minecraft:oak_planks":1,"apocalypsenow:money":1,"minecraft:carrot":2,"patchouli:guide_book":4,"minecraft:potato":1,"create:framed_glass_trapdoor":1,"minecraft:azalea":1,"farmersdelight:minced_beef":5,"minecraft:stone_pickaxe":2,"minecraft:wooden_pickaxe":1},"minecraft:mined":{"embellishcraft:sturdy_steel_door":1,"minecraft:stripped_birch_log":3,"minecraft:grass_block":2,"minecraft:spawner":13,"minecraft:smooth_stone":5,"minecraft:dark_oak_stairs":2,"create:polished_cut_limestone":1,"minecraft:stone":28,"minecraft:iron_block":7,"minecraft:white_wool":1,"minecraft:oak_slab":2,"minecraft:cyan_terracotta":13,"minecraft:stone_brick_slab":3,"minecraft:torch":9,"minecraft:gray_stained_glass":3,"minecraft:cobblestone":4,"quark:gray_framed_glass":3,"minecraft:oak_planks":1,"minecraft:iron_door":13,"createaddition:barbed_wire":29,"minecraft:wall_torch":3,"minecraft:light_gray_stained_glass":1,"create:framed_glass_trapdoor":1,"minecraft:smooth_quartz":1,"minecraft:dirt":12,"minecraft:gravel":1,"pfm:oak_gray_simple_bed":4,"minecraft:cobweb":1,"simplylight:illuminant_block":1,"cfm:cyan_kitchen_counter":4,"minecraft:oak_leaves":2},"minecraft:picked_up":{"tac:mk23":1,"minecraft:string":81,"pfm:oak_gray_simple_bed":3,"minecraft:azalea":1,"minecraft:iron_pickaxe":1,"minecraft:smooth_quartz":1,"minecraft:stick":1,"cfm:cyan_kitchen_counter":4,"farmersdelight:cabbage_crate":1,"minecraft:torch":12,"apocalypsenow:glassbottle":1,"minecraft:carrot":2,"minecraft:rotten_flesh":82,"createaddition:barbed_wire":32,"minecraft:iron_block":4,"minecraft:cyan_terracotta":5,"alexsmobs:emu_egg":1,"minecraft:white_wool":1,"minecraft:cobblestone":28,"apocalypsenow:u_sarmy_boots":1,"tac:round45":14,"minecraft:iron_door":12,"create:framed_glass_trapdoor":1,"minecraft:potato":1,"minecraft:dirt":8,"minecraft:stripped_birch_log":3,"minecraft:bone":62,"apocalypsenow:construction_leggings":1,"solcarrot:food_book":4,"apocalypsenow:human_flesh":2,"apocalypsenow:money":2,"minecraft:iron_ingot":1,"minecraft:stone_pickaxe":1,"tac:9mm_round":33,"minecraft:oak_planks":1,"minecraft:dark_oak_stairs":2,"firstaid:plaster":2,"minecraft:oak_slab":2,"patchouli:guide_book":2,"apocalypsenow:small_can":2,"minecraft:stone_brick_slab":3,"apocalypsenow:chips":3,"minecraft:gravel":1,"quark:gray_framed_glass":3},"minecraft:crafted":{"minecraft:lever":1,"firstaid:plaster":2,"minecraft:stone_pickaxe":2,"minecraft:crafting_table":2,"minecraft:air":50,"minecraft:white_wool":12,"minecraft:stick":8,"minecraft:iron_pickaxe":1,"minecraft:iron_ingot":9,"firstaid:bandage":1},"minecraft:killed":{"undead_revamp2:thesmoker":4,"undead_revamp2:thepregnant":1,"zombie_extreme:runner":3,"zombie_extreme:crawler":1,"minecraft:husk":13,"undead_revamp2:the_moonflower":4,"minecraft:zombie":115,"zombie_extreme:infected_police":4,"alexsmobs:fly":2},"minecraft:broken":{"apocalypsenow:u_sarmy_boots":1,"minecraft:leather_chestplate":1,"apocalypsenow:baseball_bat":1},"minecraft:custom":{"lootr:looted_stat":17,"minecraft:mob_kills":158,"minecraft:interact_with_crafting_table":7,"minecraft:microwave_used":1,"minecraft:damage_dealt_resisted":108,"minecraft:leave_game":1,"minecraft:time_since_death":116387,"minecraft:climb_one_cm":13063,"minecraft:sprint_one_cm":237182,"minecraft:walk_one_cm":437238,"minecraft:fridge_opened":7,"minecraft:drop":90,"minecraft:play_time":128175,"minecraft:deaths":2,"minecraft:sneak_time":3725,"minecraft:jump":478,"minecraft:drawer_searched":1,"minecraft:total_world_time":128175,"minecraft:toilet_used":4,"minecraft:stove_opened":3,"minecraft:sleep_in_bed":4,"minecraft:cabinet_searched":2,"minecraft:time_since_rest":6364,"minecraft:damage_taken":1598,"minecraft:damage_dealt":13035,"minecraft:fly_one_cm":85397,"minecraft:freezer_opened":5,"minecraft:player_kills":1,"minecraft:crouch_one_cm":9344,"minecraft:fall_one_cm":5447},"minecraft:used":{"pfm:oak_gray_simple_bed":3,"farmersdelight:melon_juice":1,"minecraft:torch":26,"minecraft:dirt":1,"cfm:cyan_kitchen_counter":4,"apocalypsenow:apple_juice":3,"apocalypsenow:pipe_wrench":55,"apocalypsenow:kitchen_knife":27,"minecraft:cyan_terracotta":1,"apocalypsenow:baseball_bat":26,"apocalypsenow:combat_knife":204,"apocalypsenow:electric_baton":55,"minecraft:stone_pickaxe":66,"minecraft:wooden_pickaxe":24,"minecraft:white_wool":1,"createaddition:barbed_wire":3,"minecraft:crafting_table":2,"apocalypsenow:whisky":2,"minecraft:lever":1,"farmersdelight:honey_cookie":3,"minecraft:apple":3,"apocalypsenow:rubber_hammer":31,"minecraft:bread":4,"minecraft:iron_pickaxe":46,"cgm:grenade":1,"minecraft:iron_door":4,"minecraft:cobblestone":19,"minecraft:potion":5,"chalk:blue_chalk":2,"apocalypsenow:cereal":3,"farmersdelight:fruit_salad":3},"minecraft:killed_by":{"minecraft:player":1,"undead_revamp2:thesmoker":1}},"DataVersion":2975}