{"stats":{"minecraft:killed":{"zombie_extreme:crawler":1,"minecraft:husk":5,"minecraft:zombie":38,"zombie_extreme:infected_police":1,"zombie_extreme:runner":1},"minecraft:used":{"apocalypsenow:electric_baton":53,"minecraft:stone_pickaxe":66,"minecraft:wooden_pickaxe":24,"minecraft:torch":10,"createaddition:barbed_wire":2,"minecraft:dirt":1,"cfm:cyan_kitchen_counter":4,"minecraft:crafting_table":2,"apocalypsenow:whisky":1,"apocalypsenow:kitchen_knife":27,"farmersdelight:honey_cookie":3,"minecraft:cyan_terracotta":1,"minecraft:apple":3,"apocalypsenow:rubber_hammer":31,"minecraft:bread":3,"apocalypsenow:baseball_bat":26,"minecraft:iron_pickaxe":9,"minecraft:iron_door":2,"minecraft:cobblestone":12,"minecraft:potion":5,"chalk:blue_chalk":2},"minecraft:dropped":{"apocalypsenow:human_flesh":2,"minecraft:gravel":1,"minecraft:oak_slab":2,"minecraft:dark_oak_stairs":2,"createaddition:barbed_wire":5,"minecraft:rotten_flesh":27,"minecraft:oak_planks":1,"apocalypsenow:money":1,"tac:mk23":1,"patchouli:guide_book":3,"minecraft:leather_helmet":1,"minecraft:stick":2,"minecraft:iron_block":1,"create:framed_glass_trapdoor":1,"farmersdelight:melon_popsicle":2,"minecraft:smooth_quartz":1,"solcarrot:food_book":5,"minecraft:azalea":1,"minecraft:potion":3,"minecraft:stone_pickaxe":2,"minecraft:wooden_pickaxe":1,"minecraft:iron_pickaxe":1,"minecraft:stone_brick_slab":3,"minecraft:bone":4},"minecraft:broken":{"apocalypsenow:baseball_bat":1},"minecraft:mined":{"minecraft:oak_slab":2,"minecraft:cyan_terracotta":5,"minecraft:stripped_birch_log":3,"minecraft:stone_brick_slab":3,"minecraft:grass_block":2,"quark:gray_framed_glass":3,"minecraft:cobblestone":4,"minecraft:oak_planks":1,"minecraft:iron_door":7,"createaddition:barbed_wire":28,"minecraft:wall_torch":1,"minecraft:spawner":5,"minecraft:dark_oak_stairs":2,"create:framed_glass_trapdoor":1,"minecraft:dirt":12,"minecraft:gravel":1,"minecraft:smooth_quartz":1,"minecraft:stone":28,"minecraft:iron_block":7,"cfm:cyan_kitchen_counter":4},"minecraft:killed_by":{"minecraft:player":1,"undead_revamp2:thesmoker":1},"minecraft:custom":{"lootr:looted_stat":7,"minecraft:mob_kills":48,"minecraft:toilet_used":4,"minecraft:interact_with_crafting_table":4,"minecraft:stove_opened":2,"minecraft:damage_dealt_resisted":108,"minecraft:leave_game":1,"minecraft:time_since_death":69772,"minecraft:sleep_in_bed":1,"minecraft:climb_one_cm":8890,"minecraft:time_since_rest":69801,"minecraft:sprint_one_cm":195273,"minecraft:damage_taken":742,"minecraft:walk_one_cm":266606,"minecraft:fridge_opened":5,"minecraft:drop":72,"minecraft:damage_dealt":3778,"minecraft:fly_one_cm":63340,"minecraft:freezer_opened":5,"minecraft:crouch_one_cm":8422,"minecraft:play_time":81560,"minecraft:deaths":2,"minecraft:sneak_time":3201,"minecraft:jump":292,"minecraft:drawer_searched":1,"minecraft:total_world_time":81560,"minecraft:fall_one_cm":3190},"minecraft:crafted":{"minecraft:crafting_table":2,"minecraft:air":39,"minecraft:stick":8,"minecraft:iron_pickaxe":1,"minecraft:iron_ingot":9,"minecraft:stone_pickaxe":2},"minecraft:picked_up":{"tac:round45":3,"tac:mk23":1,"minecraft:iron_door":7,"minecraft:potato":1,"create:framed_glass_trapdoor":1,"minecraft:stripped_birch_log":3,"minecraft:dirt":8,"minecraft:string":26,"minecraft:bone":20,"apocalypsenow:construction_leggings":1,"solcarrot:food_book":4,"apocalypsenow:human_flesh":2,"apocalypsenow:money":2,"minecraft:stone_pickaxe":1,"minecraft:iron_ingot":1,"minecraft:azalea":1,"minecraft:iron_pickaxe":1,"minecraft:smooth_quartz":1,"tac:9mm_round":10,"minecraft:oak_planks":1,"minecraft:dark_oak_stairs":2,"minecraft:oak_slab":2,"firstaid:plaster":2,"cfm:cyan_kitchen_counter":4,"minecraft:stick":1,"patchouli:guide_book":2,"minecraft:torch":1,"minecraft:stone_brick_slab":3,"minecraft:gravel":1,"minecraft:rotten_flesh":29,"createaddition:barbed_wire":31,"minecraft:iron_block":4,"minecraft:cyan_terracotta":5,"quark:gray_framed_glass":3,"minecraft:cobblestone":28}},"DataVersion":2975}