{"stats":{"minecraft:dropped":{"apocalypsenow:human_flesh":2,"minecraft:gravel":1,"quark:gray_framed_glass":3,"minecraft:oak_slab":2,"minecraft:dark_oak_stairs":2,"createaddition:barbed_wire":5,"minecraft:rotten_flesh":47,"minecraft:oak_planks":1,"apocalypsenow:money":1,"minecraft:cyan_terracotta":4,"tac:mk23":1,"patchouli:guide_book":3,"minecraft:leather_helmet":1,"minecraft:stick":2,"minecraft:iron_block":1,"minecraft:potato":1,"create:framed_glass_trapdoor":1,"farmersdelight:melon_popsicle":2,"minecraft:torch":1,"minecraft:smooth_quartz":1,"minecraft:azalea":1,"solcarrot:food_book":5,"farmersdelight:minced_beef":5,"minecraft:potion":3,"minecraft:wooden_pickaxe":1,"minecraft:stone_pickaxe":2,"minecraft:iron_pickaxe":1,"apocalypsenow:glassbottle":2,"minecraft:stone_brick_slab":3,"minecraft:bone":4},"minecraft:mined":{"minecraft:oak_slab":2,"minecraft:cyan_terracotta":5,"minecraft:stone_brick_slab":3,"minecraft:stripped_birch_log":3,"minecraft:torch":7,"minecraft:grass_block":2,"quark:gray_framed_glass":3,"minecraft:cobblestone":4,"minecraft:oak_planks":1,"createaddition:barbed_wire":28,"minecraft:iron_door":10,"minecraft:wall_torch":2,"minecraft:spawner":9,"minecraft:light_gray_stained_glass":1,"minecraft:dark_oak_stairs":2,"create:framed_glass_trapdoor":1,"minecraft:gravel":1,"minecraft:dirt":12,"minecraft:smooth_quartz":1,"pfm:oak_gray_simple_bed":3,"minecraft:stone":28,"minecraft:iron_block":7,"cfm:cyan_kitchen_counter":4},"minecraft:picked_up":{"apocalypsenow:u_sarmy_boots":1,"tac:round45":5,"tac:mk23":1,"minecraft:iron_door":9,"minecraft:potato":1,"create:framed_glass_trapdoor":1,"minecraft:stripped_birch_log":3,"minecraft:dirt":8,"minecraft:string":36,"pfm:oak_gray_simple_bed":3,"minecraft:bone":32,"apocalypsenow:construction_leggings":1,"solcarrot:food_book":4,"apocalypsenow:human_flesh":2,"apocalypsenow:money":2,"minecraft:stone_pickaxe":1,"minecraft:iron_ingot":1,"minecraft:azalea":1,"minecraft:smooth_quartz":1,"minecraft:iron_pickaxe":1,"tac:9mm_round":13,"minecraft:oak_planks":1,"minecraft:dark_oak_stairs":2,"cfm:cyan_kitchen_counter":4,"minecraft:oak_slab":2,"firstaid:plaster":2,"minecraft:stick":1,"patchouli:guide_book":2,"minecraft:stone_brick_slab":3,"minecraft:torch":9,"minecraft:gravel":1,"apocalypsenow:glassbottle":1,"minecraft:carrot":1,"minecraft:rotten_flesh":47,"createaddition:barbed_wire":31,"minecraft:iron_block":4,"minecraft:cyan_terracotta":5,"quark:gray_framed_glass":3,"minecraft:cobblestone":28},"minecraft:crafted":{"minecraft:crafting_table":2,"minecraft:lever":1,"minecraft:air":48,"minecraft:stick":8,"minecraft:iron_ingot":9,"minecraft:stone_pickaxe":2,"minecraft:iron_pickaxe":1},"minecraft:killed":{"zombie_extreme:crawler":1,"minecraft:husk":5,"minecraft:zombie":68,"zombie_extreme:infected_police":1,"zombie_extreme:runner":1},"minecraft:broken":{"apocalypsenow:baseball_bat":1},"minecraft:custom":{"lootr:looted_stat":10,"minecraft:mob_kills":79,"minecraft:toilet_used":4,"minecraft:interact_with_crafting_table":4,"minecraft:stove_opened":3,"minecraft:damage_dealt_resisted":108,"minecraft:leave_game":1,"minecraft:time_since_death":92387,"minecraft:sleep_in_bed":2,"minecraft:climb_one_cm":8944,"minecraft:cabinet_searched":2,"minecraft:time_since_rest":12247,"minecraft:sprint_one_cm":196128,"minecraft:damage_taken":993,"minecraft:walk_one_cm":328716,"minecraft:fridge_opened":5,"minecraft:drop":80,"minecraft:damage_dealt":5496,"minecraft:player_kills":1,"minecraft:freezer_opened":5,"minecraft:fly_one_cm":64725,"minecraft:crouch_one_cm":9344,"minecraft:play_time":104175,"minecraft:deaths":2,"minecraft:sneak_time":3506,"minecraft:jump":329,"minecraft:drawer_searched":1,"minecraft:total_world_time":104175,"minecraft:fall_one_cm":4398},"minecraft:used":{"pfm:oak_gray_simple_bed":2,"apocalypsenow:electric_baton":55,"minecraft:stone_pickaxe":66,"minecraft:wooden_pickaxe":24,"minecraft:torch":20,"createaddition:barbed_wire":2,"minecraft:dirt":1,"cfm:cyan_kitchen_counter":4,"minecraft:crafting_table":2,"apocalypsenow:whisky":2,"apocalypsenow:pipe_wrench":55,"apocalypsenow:kitchen_knife":27,"minecraft:lever":1,"farmersdelight:honey_cookie":3,"minecraft:cyan_terracotta":1,"minecraft:apple":3,"apocalypsenow:rubber_hammer":31,"apocalypsenow:baseball_bat":26,"minecraft:bread":4,"minecraft:iron_pickaxe":17,"cgm:grenade":1,"minecraft:iron_door":2,"minecraft:cobblestone":17,"minecraft:potion":5,"chalk:blue_chalk":2},"minecraft:killed_by":{"minecraft:player":1,"undead_revamp2:thesmoker":1}},"DataVersion":2975}