{"stats":{"minecraft:dropped":{"apocalypsenow:human_flesh":2,"minecraft:gravel":1,"minecraft:black_dye":1,"quark:gray_framed_glass":3,"minecraft:oak_slab":2,"apocalypsenow:police_helmet":1,"minecraft:dark_oak_stairs":2,"farmersdelight:cabbage_crate":1,"createaddition:barbed_wire":5,"minecraft:rotten_flesh":47,"minecraft:oak_planks":1,"apocalypsenow:money":1,"minecraft:carrot":2,"minecraft:cyan_terracotta":4,"tac:mk23":1,"patchouli:guide_book":4,"minecraft:leather_helmet":1,"minecraft:stick":2,"minecraft:iron_block":1,"minecraft:potato":1,"create:framed_glass_trapdoor":1,"farmersdelight:melon_popsicle":2,"minecraft:torch":1,"minecraft:smooth_quartz":1,"minecraft:azalea":1,"solcarrot:food_book":5,"farmersdelight:minced_beef":5,"minecraft:potion":3,"minecraft:wooden_pickaxe":1,"minecraft:stone_pickaxe":2,"minecraft:iron_pickaxe":1,"apocalypsenow:glassbottle":2,"minecraft:stone_brick_slab":3,"minecraft:bone":4,"apocalypsenow:pipe_wrench":1},"minecraft:mined":{"minecraft:oak_slab":2,"embellishcraft:sturdy_steel_door":1,"minecraft:cyan_terracotta":13,"minecraft:stone_brick_slab":3,"minecraft:stripped_birch_log":3,"minecraft:torch":8,"minecraft:grass_block":2,"minecraft:gray_stained_glass":3,"quark:gray_framed_glass":3,"minecraft:cobblestone":4,"minecraft:smooth_stone":5,"minecraft:oak_planks":1,"createaddition:barbed_wire":28,"minecraft:iron_door":12,"minecraft:wall_torch":3,"minecraft:spawner":13,"minecraft:light_gray_stained_glass":1,"minecraft:dark_oak_stairs":2,"create:polished_cut_limestone":1,"create:framed_glass_trapdoor":1,"minecraft:gravel":1,"minecraft:dirt":12,"minecraft:smooth_quartz":1,"pfm:oak_gray_simple_bed":4,"simplylight:illuminant_block":1,"minecraft:stone":28,"minecraft:iron_block":7,"cfm:cyan_kitchen_counter":4},"minecraft:picked_up":{"apocalypsenow:u_sarmy_boots":1,"tac:round45":10,"tac:mk23":1,"minecraft:iron_door":11,"minecraft:potato":1,"create:framed_glass_trapdoor":1,"minecraft:stripped_birch_log":3,"minecraft:dirt":8,"minecraft:string":60,"pfm:oak_gray_simple_bed":3,"minecraft:bone":50,"apocalypsenow:construction_leggings":1,"solcarrot:food_book":4,"apocalypsenow:human_flesh":2,"apocalypsenow:money":2,"minecraft:stone_pickaxe":1,"minecraft:iron_ingot":1,"minecraft:azalea":1,"minecraft:smooth_quartz":1,"minecraft:iron_pickaxe":1,"tac:9mm_round":25,"minecraft:oak_planks":1,"minecraft:dark_oak_stairs":2,"cfm:cyan_kitchen_counter":4,"minecraft:oak_slab":2,"firstaid:plaster":2,"minecraft:stick":1,"farmersdelight:cabbage_crate":1,"patchouli:guide_book":2,"minecraft:stone_brick_slab":3,"minecraft:torch":11,"minecraft:gravel":1,"apocalypsenow:glassbottle":1,"minecraft:carrot":2,"minecraft:rotten_flesh":66,"createaddition:barbed_wire":31,"minecraft:iron_block":4,"minecraft:cyan_terracotta":5,"quark:gray_framed_glass":3,"minecraft:cobblestone":28},"minecraft:crafted":{"minecraft:crafting_table":2,"minecraft:lever":1,"minecraft:air":48,"minecraft:stick":8,"minecraft:iron_ingot":9,"minecraft:stone_pickaxe":2,"minecraft:iron_pickaxe":1},"minecraft:killed":{"zombie_extreme:crawler":1,"minecraft:husk":9,"undead_revamp2:thesmoker":1,"minecraft:zombie":101,"zombie_extreme:infected_police":2,"alexsmobs:fly":2,"zombie_extreme:runner":3},"minecraft:broken":{"apocalypsenow:baseball_bat":1},"minecraft:custom":{"lootr:looted_stat":17,"minecraft:mob_kills":128,"minecraft:toilet_used":4,"minecraft:interact_with_crafting_table":4,"minecraft:microwave_used":1,"minecraft:stove_opened":3,"minecraft:damage_dealt_resisted":108,"minecraft:leave_game":1,"minecraft:time_since_death":104387,"minecraft:sleep_in_bed":3,"minecraft:climb_one_cm":12670,"minecraft:cabinet_searched":2,"minecraft:time_since_rest":9617,"minecraft:sprint_one_cm":205687,"minecraft:damage_taken":1235,"minecraft:walk_one_cm":386005,"minecraft:fridge_opened":7,"minecraft:drop":86,"minecraft:damage_dealt":9195,"minecraft:player_kills":1,"minecraft:freezer_opened":5,"minecraft:fly_one_cm":71651,"minecraft:crouch_one_cm":9344,"minecraft:play_time":116175,"minecraft:deaths":2,"minecraft:sneak_time":3700,"minecraft:jump":404,"minecraft:drawer_searched":1,"minecraft:total_world_time":116175,"minecraft:fall_one_cm":5027},"minecraft:used":{"pfm:oak_gray_simple_bed":3,"apocalypsenow:electric_baton":55,"minecraft:stone_pickaxe":66,"minecraft:wooden_pickaxe":24,"minecraft:torch":22,"createaddition:barbed_wire":2,"minecraft:dirt":1,"cfm:cyan_kitchen_counter":4,"minecraft:crafting_table":2,"apocalypsenow:whisky":2,"apocalypsenow:pipe_wrench":55,"apocalypsenow:kitchen_knife":27,"minecraft:lever":1,"farmersdelight:honey_cookie":3,"minecraft:cyan_terracotta":1,"minecraft:apple":3,"apocalypsenow:rubber_hammer":31,"apocalypsenow:baseball_bat":26,"minecraft:bread":4,"minecraft:iron_pickaxe":44,"cgm:grenade":1,"minecraft:iron_door":2,"minecraft:cobblestone":17,"minecraft:potion":5,"chalk:blue_chalk":2,"apocalypsenow:combat_knife":103},"minecraft:killed_by":{"minecraft:player":1,"undead_revamp2:thesmoker":1}},"DataVersion":2975}