{"stats":{"minecraft:picked_up":{"sophisticatedbackpacks:gold_backpack":1,"tac:mk23":3,"tac:glock_17":2,"tac:glock_18":1,"apocalypsenow:fire_figther_boots":1,"immersiveengineering:plate_duroplast":18,"minecraft:lead":1,"farmersdelight:tomato_sauce":1,"minecraft:potion":4,"quark:gunpowder_sack":1,"minecraft:string":186,"minecraft:iron_axe":1,"pfm:oak_gray_simple_bed":4,"minecraft:compass":1,"apocalypsenow:night_stick":1,"embellishcraft:smooth_basalt":4,"apocalypsenow:construction_boots":1,"minecraft:azalea":1,"minecraft:smooth_quartz":1,"minecraft:iron_pickaxe":3,"farmersdelight:kelp_roll_slice":3,"cfm:cyan_kitchen_counter":5,"minecraft:stick":1,"embellishcraft:smooth_marble":2,"farmersdelight:cabbage_crate":1,"tac:m4":1,"minecraft:torch":105,"minecraft:bowl":2,"apocalypsenow:open_canned_carrot":2,"sophisticatedbackpacks:backpack":1,"apocalypsenow:pipe_wrench":1,"apocalypsenow:glassbottle":1,"minecraft:carrot":2,"apocalypsenow:combat_knife":1,"apocalypsenow:fire_figther_leggings":1,"minecraft:light_gray_bed":2,"minecraft:rotten_flesh":189,"createaddition:barbed_wire":83,"apocalypsenow:police_chestplate":1,"minecraft:iron_block":4,"minecraft:cyan_terracotta":10,"apocalypsenow:kitchen_knife":1,"alexsmobs:emu_egg":2,"apocalypsenow:police_boots":2,"minecraft:iron_bars":1,"minecraft:white_wool":4,"minecraft:cobblestone":28,"apocalypsenow:u_sarmy_boots":3,"tac:round45":86,"minecraft:iron_door":28,"minecraft:potato":1,"create:framed_glass_trapdoor":1,"minecraft:oak_log":1,"contenttweaker:rubber":4,"minecraft:gunpowder":56,"apocalypsenow:construction_chestplate":1,"minecraft:stripped_birch_log":3,"minecraft:dirt":9,"cgm:grenade":1,"contenttweaker:research_paper_4":1,"minecraft:leather_boots":2,"minecraft:bone":190,"apocalypsenow:construction_leggings":5,"solcarrot:food_book":4,"apocalypsenow:human_flesh":2,"minecraft:wheat_seeds":2,"minecraft:stone_pickaxe":2,"apocalypsenow:money":4,"farmersdelight:fruit_salad":1,"minecraft:iron_ingot":51,"apocalypsenow:electric_baton":1,"apocalypsenow:fire_figther_helmet":1,"minecraft:glowstone_dust":17,"minecraft:glass_bottle":10,"tac:9mm_round":76,"apocalypsenow:police_helmet":2,"minecraft:oak_planks":1,"tac:ae50":6,"minecraft:dark_oak_stairs":2,"firstaid:plaster":17,"minecraft:oak_slab":2,"apocalypsenow:canned_carrot":2,"patchouli:guide_book":2,"apocalypsenow:small_can":2,"minecraft:stone_brick_slab":3,"minecraft:gravel":1,"apocalypsenow:chips":3,"apocalypsenow:police_leggings":1,"apocalypsenow:vodka":3,"apocalypsenow:dagger":1,"apocalypsenow:bayonet":1,"immersiveengineering:seed":1,"minecraft:diamond":2,"quark:framed_glass_pane":2,"embellishcraft:air_duct":6,"apocalypsenow:construction_helmet":2,"immersiveengineering:conveyor_basic":24,"minecraft:coal":4,"quark:gray_framed_glass":3},"minecraft:killed":{"undead_revamp2:thesmoker":5,"undead_revamp2:thepregnant":1,"zombie_extreme:runner":5,"zombie_extreme:crawler":2,"minecraft:husk":24,"minecraft:zombie_villager":1,"undead_revamp2:the_moonflower":5,"undead_revamp2:theordure":1,"minecraft:zombie":193,"zombie_extreme:infected_police":5,"alexsmobs:fly":2},"minecraft:killed_by":{"minecraft:player":3,"minecraft:zombie":2,"undead_revamp2:thesmoker":1},"minecraft:crafted":{"minecraft:oak_planks":4,"minecraft:lever":1,"firstaid:plaster":2,"minecraft:iron_axe":1,"minecraft:stone_pickaxe":2,"minecraft:crafting_table":2,"minecraft:air":60,"minecraft:white_wool":12,"minecraft:stick":12,"minecraft:iron_ingot":9,"minecraft:iron_pickaxe":1,"firstaid:bandage":1},"minecraft:custom":{"lootr:looted_stat":25,"minecraft:mob_kills":287,"minecraft:interact_with_crafting_table":10,"minecraft:microwave_used":1,"minecraft:damage_dealt_resisted":108,"minecraft:leave_game":1,"minecraft:time_since_death":2231,"minecraft:climb_one_cm":23431,"minecraft:sprint_one_cm":289375,"minecraft:walk_one_cm":598090,"minecraft:fridge_opened":8,"minecraft:drop":110,"minecraft:damage_dealt_absorbed":24,"minecraft:play_time":178689,"minecraft:deaths":6,"minecraft:sneak_time":4159,"minecraft:jump":744,"minecraft:drawer_searched":1,"minecraft:walk_on_water_one_cm":307,"minecraft:total_world_time":178689,"minecraft:toilet_used":4,"minecraft:stove_opened":3,"minecraft:sleep_in_bed":8,"minecraft:cabinet_searched":2,"minecraft:time_since_rest":638,"minecraft:damage_taken":3048,"minecraft:damage_dealt":21845,"minecraft:player_kills":1,"minecraft:freezer_opened":6,"minecraft:fly_one_cm":112342,"minecraft:crouch_one_cm":10631,"minecraft:fall_one_cm":9495},"minecraft:used":{"pfm:oak_gray_simple_bed":4,"farmersdelight:cabbage":2,"embellishcraft:air_duct":3,"apocalypsenow:chips":3,"farmersdelight:melon_juice":6,"minecraft:torch":29,"minecraft:dirt":1,"cfm:cyan_kitchen_counter":4,"apocalypsenow:apple_juice":3,"apocalypsenow:pipe_wrench":59,"embellishcraft:smooth_marble":1,"apocalypsenow:kitchen_knife":27,"minecraft:cyan_terracotta":3,"minecraft:iron_axe":5,"apocalypsenow:baseball_bat":26,"apocalypsenow:combat_knife":469,"apocalypsenow:bayonet":1,"minecraft:light_gray_bed":1,"apocalypsenow:electric_baton":69,"minecraft:stone_pickaxe":66,"minecraft:oak_planks":2,"minecraft:wooden_pickaxe":24,"minecraft:white_wool":1,"createaddition:barbed_wire":3,"minecraft:crafting_table":2,"apocalypsenow:whisky":2,"farmersdelight:honey_cookie":3,"minecraft:lever":1,"minecraft:apple":3,"apocalypsenow:rubber_hammer":31,"minecraft:bread":8,"minecraft:iron_pickaxe":98,"cgm:grenade":1,"minecraft:iron_door":4,"minecraft:cobblestone":19,"minecraft:potion":10,"chalk:blue_chalk":2,"apocalypsenow:cereal":3,"farmersdelight:fruit_salad":3},"minecraft:broken":{"apocalypsenow:u_sarmy_boots":1,"minecraft:leather_chestplate":1,"apocalypsenow:baseball_bat":1},"minecraft:dropped":{"apocalypsenow:human_flesh":2,"minecraft:oak_slab":2,"minecraft:dark_oak_stairs":2,"apocalypsenow:police_helmet":1,"minecraft:black_dye":1,"minecraft:glass_bottle":7,"tac:glock_18":1,"createaddition:barbed_wire":5,"tac:mk23":1,"minecraft:leather_helmet":1,"minecraft:stick":2,"farmersdelight:salmon_roll":2,"minecraft:iron_block":1,"minecraft:cyan_terracotta":7,"tac:m4":1,"farmersdelight:melon_popsicle":2,"apocalypsenow:construction_boots":1,"apocalypsenow:construction_leggings":1,"minecraft:torch":2,"minecraft:smooth_quartz":1,"embellishcraft:air_duct":3,"solcarrot:food_book":5,"minecraft:potion":3,"apocalypsenow:construction_helmet":1,"apocalypsenow:chips":3,"tac:m92fs":1,"minecraft:iron_pickaxe":1,"apocalypsenow:glassbottle":2,"minecraft:stone_brick_slab":3,"minecraft:bone":4,"minecraft:gravel":1,"apocalypsenow:pipe_wrench":1,"quark:gray_framed_glass":3,"farmersdelight:cabbage_crate":1,"quark:framed_glass_pane":1,"apocalypsenow:small_can":2,"minecraft:bowl":3,"embellishcraft:smooth_marble":1,"minecraft:rotten_flesh":47,"minecraft:oak_planks":1,"apocalypsenow:money":1,"sophisticatedbackpacks:backpack":1,"minecraft:carrot":2,"patchouli:guide_book":4,"minecraft:potato":1,"apocalypsenow:construction_chestplate":1,"create:framed_glass_trapdoor":1,"minecraft:leather_boots":1,"minecraft:azalea":1,"farmersdelight:minced_beef":5,"minecraft:iron_bars":1,"minecraft:wooden_pickaxe":1,"minecraft:stone_pickaxe":3,"immersiveengineering:seed":1},"minecraft:mined":{"embellishcraft:sturdy_steel_door":1,"embellishcraft:air_duct":1,"minecraft:stripped_birch_log":3,"minecraft:gray_stained_glass_pane":2,"biomesoplenty:bush":5,"minecraft:grass_block":3,"minecraft:light_gray_bed":1,"minecraft:white_concrete":1,"minecraft:spawner":17,"minecraft:smooth_stone":5,"minecraft:dark_oak_stairs":2,"create:polished_cut_limestone":1,"minecraft:iron_bars":1,"minecraft:stone":28,"minecraft:iron_block":8,"minecraft:white_wool":1,"minecraft:oak_slab":2,"minecraft:cyan_terracotta":17,"minecraft:stone_brick_slab":3,"minecraft:torch":11,"minecraft:gray_stained_glass":3,"quark:framed_glass_pane":1,"quark:gray_framed_glass":3,"minecraft:cobblestone":4,"minecraft:oak_planks":2,"createaddition:barbed_wire":37,"minecraft:iron_door":20,"minecraft:wall_torch":3,"minecraft:light_gray_stained_glass":1,"minecraft:grass":1,"embellishcraft:smooth_marble":4,"minecraft:oak_log":1,"minecraft:coal_ore":4,"create:framed_glass_trapdoor":1,"minecraft:gravel":1,"minecraft:dirt":12,"minecraft:smooth_quartz":1,"pfm:oak_gray_simple_bed":5,"minecraft:cobweb":3,"simplylight:illuminant_block":1,"immersiveengineering:conveyor_basic":12,"cfm:cyan_kitchen_counter":5,"minecraft:oak_leaves":10}},"DataVersion":2975}