{"stats":{"minecraft:dropped":{"apocalypsenow:human_flesh":2,"minecraft:oak_slab":2,"minecraft:dark_oak_stairs":2,"apocalypsenow:police_helmet":1,"minecraft:black_dye":1,"minecraft:glass_bottle":7,"createaddition:barbed_wire":5,"tac:mk23":1,"minecraft:leather_helmet":1,"minecraft:stick":2,"minecraft:iron_block":1,"minecraft:cyan_terracotta":4,"farmersdelight:melon_popsicle":2,"apocalypsenow:construction_leggings":1,"minecraft:torch":1,"minecraft:smooth_quartz":1,"solcarrot:food_book":5,"minecraft:potion":3,"apocalypsenow:chips":3,"minecraft:iron_pickaxe":1,"apocalypsenow:glassbottle":2,"minecraft:stone_brick_slab":3,"minecraft:bone":4,"minecraft:gravel":1,"apocalypsenow:pipe_wrench":1,"quark:gray_framed_glass":3,"farmersdelight:cabbage_crate":1,"quark:framed_glass_pane":1,"apocalypsenow:small_can":2,"minecraft:bowl":3,"minecraft:rotten_flesh":47,"minecraft:oak_planks":1,"apocalypsenow:money":1,"minecraft:carrot":2,"patchouli:guide_book":4,"minecraft:potato":1,"create:framed_glass_trapdoor":1,"minecraft:leather_boots":1,"minecraft:azalea":1,"farmersdelight:minced_beef":5,"minecraft:stone_pickaxe":2,"minecraft:wooden_pickaxe":1,"immersiveengineering:seed":1},"minecraft:mined":{"embellishcraft:sturdy_steel_door":1,"minecraft:stripped_birch_log":3,"biomesoplenty:bush":5,"minecraft:grass_block":2,"minecraft:spawner":13,"minecraft:smooth_stone":5,"minecraft:dark_oak_stairs":2,"create:polished_cut_limestone":1,"minecraft:stone":28,"minecraft:iron_block":7,"minecraft:white_wool":1,"minecraft:oak_slab":2,"minecraft:cyan_terracotta":13,"minecraft:stone_brick_slab":3,"minecraft:torch":9,"quark:framed_glass_pane":1,"minecraft:gray_stained_glass":3,"minecraft:cobblestone":4,"quark:gray_framed_glass":3,"minecraft:oak_planks":1,"minecraft:iron_door":13,"createaddition:barbed_wire":29,"minecraft:wall_torch":3,"minecraft:light_gray_stained_glass":1,"minecraft:grass":1,"create:framed_glass_trapdoor":1,"minecraft:smooth_quartz":1,"minecraft:dirt":12,"minecraft:gravel":1,"pfm:oak_gray_simple_bed":4,"minecraft:cobweb":1,"simplylight:illuminant_block":1,"cfm:cyan_kitchen_counter":4,"minecraft:oak_leaves":2},"minecraft:picked_up":{"tac:mk23":2,"immersiveengineering:plate_duroplast":18,"minecraft:lead":1,"minecraft:potion":4,"minecraft:string":112,"pfm:oak_gray_simple_bed":3,"minecraft:compass":1,"apocalypsenow:night_stick":1,"minecraft:azalea":1,"minecraft:iron_pickaxe":2,"minecraft:smooth_quartz":1,"minecraft:stick":1,"cfm:cyan_kitchen_counter":4,"farmersdelight:cabbage_crate":1,"minecraft:torch":59,"minecraft:bowl":2,"sophisticatedbackpacks:backpack":1,"apocalypsenow:pipe_wrench":1,"apocalypsenow:glassbottle":1,"minecraft:carrot":2,"apocalypsenow:combat_knife":1,"minecraft:rotten_flesh":132,"createaddition:barbed_wire":71,"minecraft:iron_block":4,"minecraft:cyan_terracotta":5,"apocalypsenow:kitchen_knife":1,"alexsmobs:emu_egg":2,"apocalypsenow:police_boots":1,"minecraft:white_wool":4,"minecraft:cobblestone":28,"apocalypsenow:u_sarmy_boots":1,"tac:round45":14,"minecraft:iron_door":20,"create:framed_glass_trapdoor":1,"minecraft:potato":1,"contenttweaker:rubber":4,"minecraft:gunpowder":41,"minecraft:dirt":8,"minecraft:stripped_birch_log":3,"contenttweaker:research_paper_4":1,"minecraft:leather_boots":2,"minecraft:bone":90,"apocalypsenow:construction_leggings":4,"solcarrot:food_book":4,"minecraft:wheat_seeds":2,"apocalypsenow:human_flesh":2,"farmersdelight:fruit_salad":1,"apocalypsenow:money":2,"minecraft:iron_ingot":49,"minecraft:stone_pickaxe":2,"minecraft:glowstone_dust":17,"minecraft:glass_bottle":7,"tac:9mm_round":44,"apocalypsenow:police_helmet":1,"minecraft:oak_planks":1,"minecraft:dark_oak_stairs":2,"firstaid:plaster":2,"minecraft:oak_slab":2,"apocalypsenow:canned_carrot":2,"patchouli:guide_book":2,"apocalypsenow:small_can":2,"minecraft:stone_brick_slab":3,"apocalypsenow:chips":3,"minecraft:gravel":1,"apocalypsenow:vodka":3,"minecraft:diamond":2,"immersiveengineering:seed":1,"quark:framed_glass_pane":2,"apocalypsenow:construction_helmet":1,"quark:gray_framed_glass":3},"minecraft:crafted":{"minecraft:lever":1,"firstaid:plaster":2,"minecraft:stone_pickaxe":2,"minecraft:crafting_table":2,"minecraft:air":52,"minecraft:white_wool":12,"minecraft:stick":8,"minecraft:iron_pickaxe":1,"minecraft:iron_ingot":9,"firstaid:bandage":1},"minecraft:killed":{"undead_revamp2:thesmoker":5,"undead_revamp2:thepregnant":1,"zombie_extreme:runner":4,"zombie_extreme:crawler":1,"minecraft:husk":17,"undead_revamp2:the_moonflower":4,"minecraft:zombie":115,"zombie_extreme:infected_police":4,"alexsmobs:fly":2},"minecraft:broken":{"apocalypsenow:u_sarmy_boots":1,"minecraft:leather_chestplate":1,"apocalypsenow:baseball_bat":1},"minecraft:custom":{"lootr:looted_stat":17,"minecraft:mob_kills":164,"minecraft:interact_with_crafting_table":8,"minecraft:microwave_used":1,"minecraft:damage_dealt_resisted":108,"minecraft:leave_game":1,"minecraft:time_since_death":3607,"minecraft:climb_one_cm":13610,"minecraft:sprint_one_cm":256702,"minecraft:walk_one_cm":481531,"minecraft:fridge_opened":7,"minecraft:drop":96,"minecraft:play_time":140175,"minecraft:deaths":3,"minecraft:sneak_time":3735,"minecraft:jump":574,"minecraft:drawer_searched":1,"minecraft:total_world_time":140175,"minecraft:toilet_used":4,"minecraft:stove_opened":3,"minecraft:sleep_in_bed":5,"minecraft:cabinet_searched":2,"minecraft:time_since_rest":3640,"minecraft:damage_taken":2103,"minecraft:damage_dealt":13643,"minecraft:fly_one_cm":96548,"minecraft:freezer_opened":5,"minecraft:player_kills":1,"minecraft:crouch_one_cm":9349,"minecraft:fall_one_cm":7506},"minecraft:used":{"pfm:oak_gray_simple_bed":3,"farmersdelight:cabbage":2,"apocalypsenow:chips":3,"farmersdelight:melon_juice":6,"minecraft:torch":26,"minecraft:dirt":1,"cfm:cyan_kitchen_counter":4,"apocalypsenow:apple_juice":3,"apocalypsenow:pipe_wrench":59,"apocalypsenow:kitchen_knife":27,"minecraft:cyan_terracotta":1,"apocalypsenow:baseball_bat":26,"apocalypsenow:combat_knife":219,"apocalypsenow:electric_baton":55,"minecraft:stone_pickaxe":66,"minecraft:wooden_pickaxe":24,"minecraft:white_wool":1,"createaddition:barbed_wire":3,"minecraft:crafting_table":2,"apocalypsenow:whisky":2,"minecraft:lever":1,"farmersdelight:honey_cookie":3,"minecraft:apple":3,"apocalypsenow:rubber_hammer":31,"minecraft:bread":8,"minecraft:iron_pickaxe":47,"cgm:grenade":1,"minecraft:iron_door":4,"minecraft:cobblestone":19,"minecraft:potion":6,"chalk:blue_chalk":2,"apocalypsenow:cereal":3,"farmersdelight:fruit_salad":3},"minecraft:killed_by":{"minecraft:player":2,"undead_revamp2:thesmoker":1}},"DataVersion":2975}