{"stats":{"minecraft:picked_up":{"apocalypsenow:energy_drink":2,"sophisticatedbackpacks:gold_backpack":2,"zombie_extreme:wooden_barricades":1,"tac:mk23":4,"apocalypsenow:bread_knife":1,"minecraft:crafting_table":1,"embellishcraft:warning_steel_door":2,"tac:glock_17":3,"tac:glock_18":1,"apocalypsenow:fire_figther_boots":5,"immersiveengineering:plate_duroplast":18,"minecraft:lead":1,"farmersdelight:tomato_sauce":1,"minecraft:potion":36,"apocalypsenow:can_opener":1,"quark:gunpowder_sack":1,"minecraft:string":238,"minecraft:dark_oak_trapdoor":1,"minecraft:iron_axe":2,"pfm:oak_gray_simple_bed":4,"minecraft:compass":1,"apocalypsenow:medicalkit":15,"apocalypsenow:night_stick":3,"embellishcraft:smooth_basalt":4,"apocalypsenow:construction_boots":1,"apocalypsenow:anarchy_chestplate":1,"minecraft:azalea":1,"embellishcraft:sturdy_steel_door":3,"minecraft:smooth_quartz":1,"minecraft:iron_pickaxe":4,"farmersdelight:kelp_roll_slice":3,"cfm:cyan_kitchen_counter":5,"minecraft:stick":1,"embellishcraft:smooth_marble":2,"farmersdelight:cabbage_crate":1,"tac:m4":1,"minecraft:torch":127,"minecraft:bowl":2,"apocalypsenow:open_canned_carrot":2,"sophisticatedbackpacks:backpack":1,"apocalypsenow:pipe_wrench":1,"apocalypsenow:glassbottle":1,"minecraft:carrot":2,"apocalypsenow:iron_baseball_bat":1,"apocalypsenow:combat_knife":1,"apocalypsenow:fire_figther_leggings":1,"artifacts:lucky_scarf":1,"apocalypsenow:porpsi":28,"minecraft:light_gray_bed":2,"minecraft:rotten_flesh":248,"createaddition:barbed_wire":83,"pfm:dark_wood_kitchen_drawer":1,"minecraft:gold_ingot":7,"apocalypsenow:police_chestplate":2,"minecraft:iron_block":4,"minecraft:cyan_terracotta":10,"apocalypsenow:kitchen_knife":1,"alexsmobs:emu_egg":2,"apocalypsenow:police_boots":3,"firstaid:bandage":11,"minecraft:iron_bars":1,"apocalypsenow:fire_figther_chestplate":3,"minecraft:white_wool":4,"minecraft:cobblestone":28,"apocalypsenow:u_sarmy_boots":3,"tac:round45":123,"apocalypsenow:coffee":16,"apocalypsenow:anarchy_boots":1,"minecraft:iron_door":28,"apocalypsenow:orange_juice":5,"minecraft:potato":1,"create:framed_glass_trapdoor":1,"minecraft:oak_log":1,"contenttweaker:rubber":5,"minecraft:gunpowder":56,"apocalypsenow:construction_chestplate":3,"minecraft:stripped_birch_log":3,"minecraft:dirt":9,"cgm:grenade":1,"contenttweaker:research_paper_4":1,"apocalypsenow:rain_collector":2,"minecraft:leather_boots":3,"minecraft:bone":258,"apocalypsenow:construction_leggings":7,"solcarrot:food_book":4,"apocalypsenow:human_flesh":2,"minecraft:wheat_seeds":2,"apocalypsenow:broken_tv":1,"minecraft:stone_pickaxe":2,"apocalypsenow:money":5,"farmersdelight:fruit_salad":1,"minecraft:iron_ingot":52,"apocalypsenow:electric_baton":2,"apocalypsenow:fire_figther_helmet":2,"minecraft:glowstone_dust":17,"minecraft:glass_bottle":11,"tac:9mm_round":137,"apocalypsenow:police_helmet":3,"minecraft:oak_planks":1,"tac:ae50":6,"minecraft:dark_oak_stairs":2,"firstaid:plaster":17,"minecraft:oak_slab":2,"apocalypsenow:canned_carrot":2,"apocalypsenow:u_sarmy_chestplate":1,"nameless_trinkets:experience_battery":1,"minecraft:sweet_berries":1,"patchouli:guide_book":2,"apocalypsenow:small_can":5,"minecraft:stone_brick_slab":3,"minecraft:gravel":1,"apocalypsenow:chips":3,"apocalypsenow:police_leggings":3,"apocalypsenow:vodka":3,"apocalypsenow:anarchy_leggings":1,"apocalypsenow:dagger":2,"artifacts:crystal_heart":2,"nameless_trinkets:super_magnet":1,"apocalypsenow:bayonet":1,"immersiveengineering:seed":1,"minecraft:diamond":2,"minecraft:slime_block":2,"quark:framed_glass_pane":2,"embellishcraft:air_duct":6,"apocalypsenow:construction_helmet":7,"minecraft:stripped_dark_oak_log":1,"immersiveengineering:conveyor_basic":24,"minecraft:coal":4,"quark:gray_framed_glass":3},"minecraft:killed":{"undead_revamp2:thesmoker":5,"undead_revamp2:thepregnant":1,"zombie_extreme:runner":5,"zombie_extreme:crawler":2,"minecraft:husk":24,"minecraft:zombie_villager":1,"undead_revamp2:the_moonflower":5,"undead_revamp2:theordure":1,"minecraft:zombie":270,"zombie_extreme:infected_police":5,"alexsmobs:fly":2},"minecraft:killed_by":{"minecraft:player":4,"minecraft:zombie":2,"undead_revamp2:thesmoker":1},"minecraft:crafted":{"minecraft:oak_planks":4,"minecraft:lever":1,"firstaid:plaster":2,"minecraft:iron_axe":1,"minecraft:stone_pickaxe":2,"minecraft:crafting_table":3,"minecraft:air":88,"minecraft:white_wool":12,"minecraft:stick":12,"minecraft:iron_ingot":9,"minecraft:iron_pickaxe":1,"firstaid:bandage":1},"minecraft:custom":{"lootr:looted_stat":63,"minecraft:mob_kills":390,"minecraft:interact_with_crafting_table":12,"minecraft:microwave_used":1,"minecraft:bell_ring":2,"minecraft:damage_dealt_resisted":108,"minecraft:leave_game":1,"minecraft:time_since_death":23411,"minecraft:climb_one_cm":26495,"minecraft:sprint_one_cm":377477,"minecraft:walk_one_cm":816569,"minecraft:fridge_opened":17,"minecraft:drop":180,"minecraft:damage_dealt_absorbed":24,"minecraft:play_time":244689,"minecraft:deaths":7,"minecraft:sneak_time":4172,"minecraft:jump":904,"minecraft:drawer_searched":32,"minecraft:walk_on_water_one_cm":307,"minecraft:total_world_time":244689,"minecraft:toilet_used":4,"minecraft:stove_opened":5,"minecraft:sleep_in_bed":8,"minecraft:cabinet_searched":5,"minecraft:time_since_rest":23441,"minecraft:damage_taken":3814,"minecraft:damage_dealt":27785,"minecraft:player_kills":1,"minecraft:freezer_opened":12,"minecraft:fly_one_cm":132360,"minecraft:crouch_one_cm":10658,"minecraft:fall_one_cm":13983},"minecraft:used":{"pfm:oak_gray_simple_bed":4,"farmersdelight:cabbage":2,"embellishcraft:air_duct":3,"apocalypsenow:chips":3,"farmersdelight:melon_juice":6,"farmersdelight:sweet_berry_cheesecake":2,"minecraft:torch":48,"minecraft:dirt":1,"cfm:cyan_kitchen_counter":4,"apocalypsenow:apple_juice":3,"apocalypsenow:orange_juice":1,"apocalypsenow:pipe_wrench":59,"embellishcraft:smooth_marble":1,"apocalypsenow:kitchen_knife":27,"apocalypsenow:coffee":1,"minecraft:cyan_terracotta":3,"minecraft:iron_axe":15,"apocalypsenow:baseball_bat":26,"apocalypsenow:combat_knife":469,"apocalypsenow:bayonet":1,"minecraft:light_gray_bed":1,"apocalypsenow:energy_drink":3,"apocalypsenow:electric_baton":150,"minecraft:glass_bottle":7,"minecraft:stone_pickaxe":66,"minecraft:oak_planks":2,"minecraft:wooden_pickaxe":24,"minecraft:white_wool":1,"createaddition:barbed_wire":3,"minecraft:crafting_table":3,"apocalypsenow:whisky":2,"farmersdelight:honey_cookie":3,"minecraft:lever":1,"minecraft:apple":3,"apocalypsenow:rubber_hammer":31,"minecraft:bread":8,"minecraft:iron_pickaxe":153,"cgm:grenade":1,"minecraft:iron_door":4,"minecraft:cobblestone":19,"minecraft:potion":13,"chalk:blue_chalk":2,"apocalypsenow:cereal":3,"farmersdelight:fruit_salad":3},"minecraft:broken":{"apocalypsenow:u_sarmy_boots":1,"minecraft:leather_chestplate":1,"apocalypsenow:baseball_bat":1},"minecraft:dropped":{"apocalypsenow:human_flesh":2,"minecraft:oak_slab":2,"minecraft:dark_oak_stairs":2,"apocalypsenow:police_helmet":1,"minecraft:black_dye":1,"minecraft:wheat_seeds":1,"minecraft:glass_bottle":9,"tac:glock_18":1,"createaddition:barbed_wire":5,"tac:m1911":1,"apocalypsenow:police_leggings":3,"tac:mk23":1,"minecraft:coal":4,"minecraft:leather_helmet":1,"apocalypsenow:u_sarmy_boots":2,"minecraft:stick":2,"farmersdelight:salmon_roll":2,"minecraft:iron_block":1,"minecraft:cyan_terracotta":7,"minecraft:dirt":8,"embellishcraft:smooth_basalt":2,"tac:m4":1,"apocalypsenow:fire_figther_chestplate":4,"apocalypsenow:night_stick":4,"farmersdelight:melon_popsicle":2,"apocalypsenow:construction_boots":1,"apocalypsenow:construction_leggings":5,"minecraft:torch":66,"minecraft:smooth_quartz":1,"apocalypsenow:fire_figther_boots":4,"embellishcraft:air_duct":3,"solcarrot:food_book":5,"minecraft:potion":11,"apocalypsenow:construction_helmet":3,"apocalypsenow:chips":3,"tac:m92fs":1,"minecraft:iron_pickaxe":1,"minecraft:paper":7,"apocalypsenow:glassbottle":3,"minecraft:stone_brick_slab":3,"minecraft:bone":4,"apocalypsenow:rubber_hammer":1,"minecraft:gravel":1,"apocalypsenow:pipe_wrench":1,"apocalypsenow:u_sarmy_chestplate":1,"quark:gray_framed_glass":3,"minecraft:compass":3,"minecraft:sweet_berries":1,"alexsmobs:animal_dictionary":1,"farmersdelight:cabbage_crate":1,"apocalypsenow:fire_figther_helmet":3,"apocalypsenow:broken_tv":1,"pfm:dark_wood_kitchen_drawer":1,"quark:framed_glass_pane":1,"apocalypsenow:small_can":5,"minecraft:bowl":3,"embellishcraft:smooth_marble":1,"farmersdelight:kelp_roll_slice":3,"minecraft:rotten_flesh":115,"minecraft:oak_planks":1,"embellishcraft:sturdy_steel_door":3,"apocalypsenow:money":1,"sophisticatedbackpacks:backpack":1,"alexsmobs:emu_egg":1,"apocalypsenow:red_football_armor_helmet":1,"minecraft:carrot":2,"patchouli:guide_book":5,"minecraft:flint_and_steel":1,"minecraft:potato":1,"apocalypsenow:construction_chestplate":1,"create:framed_glass_trapdoor":1,"apocalypsenow:fire_figther_leggings":2,"minecraft:leather_boots":4,"minecraft:azalea":1,"farmersdelight:minced_beef":5,"pfm:furniture_book":1,"minecraft:iron_bars":1,"minecraft:wooden_pickaxe":1,"minecraft:stone_pickaxe":3,"apocalypsenow:can_opener":1,"cfm:cyan_kitchen_counter":1,"immersiveengineering:seed":1},"minecraft:mined":{"apocalypsenow:rain_collector":2,"embellishcraft:sturdy_steel_door":4,"embellishcraft:air_duct":1,"minecraft:dark_oak_leaves":2,"minecraft:stripped_birch_log":3,"embellishcraft:spruce_wooden_crate":2,"minecraft:gray_stained_glass_pane":4,"biomesoplenty:bush":5,"minecraft:grass_block":3,"minecraft:light_gray_bed":1,"minecraft:white_concrete":1,"minecraft:spawner":45,"minecraft:smooth_stone":5,"zombie_extreme:wooden_barricades":3,"minecraft:dark_oak_trapdoor":1,"minecraft:dark_oak_stairs":2,"apocalypsenow:broken_tv":3,"embellishcraft:warning_steel_door":2,"create:polished_cut_limestone":1,"minecraft:iron_bars":1,"minecraft:stone":28,"minecraft:iron_block":8,"minecraft:white_wool":1,"minecraft:oak_slab":2,"minecraft:cyan_terracotta":17,"minecraft:stripped_dark_oak_log":1,"minecraft:stone_brick_slab":3,"minecraft:crafting_table":1,"minecraft:torch":11,"minecraft:gray_stained_glass":3,"quark:framed_glass_pane":1,"quark:gray_framed_glass":3,"minecraft:cobblestone":4,"minecraft:slime_block":2,"pfm:dark_wood_kitchen_drawer":3,"minecraft:oak_planks":2,"createaddition:barbed_wire":37,"minecraft:iron_door":20,"minecraft:wall_torch":4,"minecraft:light_gray_stained_glass":1,"minecraft:sweet_berry_bush":1,"minecraft:grass":1,"embellishcraft:smooth_marble":9,"minecraft:oak_log":1,"minecraft:coal_ore":4,"create:framed_glass_trapdoor":1,"minecraft:gravel":1,"minecraft:dirt":12,"minecraft:smooth_quartz":1,"pfm:oak_gray_simple_bed":5,"minecraft:cobweb":3,"simplylight:illuminant_block":1,"immersiveengineering:conveyor_basic":12,"cfm:cyan_kitchen_counter":5,"minecraft:oak_leaves":10}},"DataVersion":2975}