{"stats":{"minecraft:used":{"farmersdelight:cabbage":2,"embellishcraft:air_duct":3,"apocalypsenow:chips":3,"farmersdelight:melon_juice":6,"farmersdelight:sweet_berry_cheesecake":2,"apocalypsenow:apple_juice":3,"cfm:cyan_kitchen_counter":4,"apocalypsenow:kitchen_knife":27,"embellishcraft:smooth_marble":1,"apocalypsenow:coffee":1,"minecraft:cyan_terracotta":3,"apocalypsenow:combat_knife":469,"apocalypsenow:bayonet":1,"apocalypsenow:energy_drink":3,"apocalypsenow:electric_baton":182,"minecraft:stone_pickaxe":66,"minecraft:oak_planks":2,"minecraft:wooden_pickaxe":24,"minecraft:white_wool":1,"apocalypsenow:whisky":2,"minecraft:lever":1,"farmersdelight:honey_cookie":3,"minecraft:bread":8,"minecraft:iron_door":4,"apocalypsenow:cereal":3,"pfm:oak_gray_simple_bed":4,"minecraft:torch":58,"minecraft:dirt":1,"apocalypsenow:orange_juice":1,"apocalypsenow:pipe_wrench":59,"pfm:dark_oak_light_gray_simple_bed":1,"minecraft:iron_axe":15,"apocalypsenow:baseball_bat":26,"minecraft:light_gray_bed":1,"minecraft:glass_bottle":7,"pfm:oak_light_gray_simple_bed":2,"createaddition:barbed_wire":3,"minecraft:crafting_table":3,"minecraft:apple":3,"apocalypsenow:rubber_hammer":31,"minecraft:iron_pickaxe":168,"cgm:grenade":1,"minecraft:cobblestone":19,"minecraft:potion":13,"chalk:blue_chalk":2,"farmersdelight:fruit_salad":3},"minecraft:killed_by":{"minecraft:zombie":2,"undead_revamp2:thesmoker":1,"minecraft:player":4},"minecraft:crafted":{"minecraft:oak_planks":4,"minecraft:lever":1,"minecraft:crafting_table":3,"minecraft:stick":12,"minecraft:iron_ingot":9,"minecraft:iron_pickaxe":1,"firstaid:plaster":2,"minecraft:iron_axe":1,"minecraft:stone_pickaxe":2,"minecraft:air":88,"minecraft:white_wool":12,"firstaid:bandage":1},"minecraft:custom":{"lootr:looted_stat":65,"minecraft:interact_with_crafting_table":12,"minecraft:microwave_used":1,"minecraft:bell_ring":2,"minecraft:leave_game":2,"minecraft:time_since_death":54800,"minecraft:sprint_one_cm":395376,"minecraft:drop":193,"minecraft:play_time":276078,"minecraft:deaths":7,"minecraft:jump":947,"minecraft:walk_on_water_one_cm":307,"minecraft:stove_opened":5,"minecraft:sleep_in_bed":10,"minecraft:damage_dealt":30306,"minecraft:player_kills":2,"minecraft:crouch_one_cm":10882,"minecraft:mob_kills":434,"minecraft:damage_dealt_resisted":108,"minecraft:climb_one_cm":26875,"minecraft:walk_one_cm":931442,"minecraft:fridge_opened":20,"minecraft:chair_used":1,"minecraft:damage_dealt_absorbed":24,"minecraft:sneak_time":4261,"minecraft:drawer_searched":36,"minecraft:total_world_time":276078,"minecraft:toilet_used":6,"minecraft:cabinet_searched":5,"minecraft:time_since_rest":9380,"minecraft:damage_taken":3994,"minecraft:fly_one_cm":134687,"minecraft:freezer_opened":13,"minecraft:fall_one_cm":15009},"minecraft:broken":{"apocalypsenow:u_sarmy_boots":1,"minecraft:leather_chestplate":1,"apocalypsenow:baseball_bat":1},"minecraft:picked_up":{"apocalypsenow:energy_drink":2,"tac:mk23":4,"zombie_extreme:wooden_barricades":1,"immersiveengineering:plate_duroplast":18,"embellishcraft:warning_steel_door":2,"minecraft:lead":1,"minecraft:potion":36,"apocalypsenow:can_opener":1,"minecraft:string":256,"minecraft:dark_oak_trapdoor":1,"pfm:oak_gray_simple_bed":4,"minecraft:azalea":1,"apocalypsenow:anarchy_chestplate":1,"minecraft:smooth_quartz":1,"minecraft:iron_pickaxe":4,"minecraft:stick":1,"embellishcraft:smooth_marble":3,"tac:m4":1,"minecraft:torch":129,"apocalypsenow:open_canned_carrot":2,"apocalypsenow:glassbottle":1,"apocalypsenow:iron_baseball_bat":1,"apocalypsenow:fire_figther_leggings":1,"apocalypsenow:porpsi":28,"artifacts:lucky_scarf":1,"minecraft:light_gray_bed":2,"minecraft:rotten_flesh":289,"createaddition:barbed_wire":83,"minecraft:iron_block":4,"alexsmobs:emu_egg":2,"minecraft:cyan_terracotta":10,"apocalypsenow:kitchen_knife":1,"apocalypsenow:police_chestplate":2,"pfm:dark_wood_kitchen_drawer":1,"apocalypsenow:police_boots":3,"minecraft:iron_bars":1,"minecraft:cobblestone":28,"apocalypsenow:u_sarmy_boots":3,"tac:round45":125,"minecraft:iron_door":28,"apocalypsenow:anarchy_boots":1,"apocalypsenow:coffee":16,"minecraft:potato":1,"contenttweaker:rubber":5,"apocalypsenow:construction_chestplate":3,"minecraft:stripped_birch_log":3,"minecraft:dirt":9,"contenttweaker:research_paper_4":1,"cgm:grenade":1,"minecraft:leather_boots":3,"minecraft:bone":286,"apocalypsenow:human_flesh":2,"minecraft:wheat_seeds":2,"apocalypsenow:broken_tv":1,"apocalypsenow:police_helmet":4,"minecraft:glowstone_dust":17,"tac:9mm_round":140,"apocalypsenow:electric_baton":2,"minecraft:oak_planks":1,"firstaid:plaster":17,"apocalypsenow:canned_carrot":2,"apocalypsenow:u_sarmy_chestplate":1,"patchouli:guide_book":2,"apocalypsenow:small_can":5,"apocalypsenow:chips":3,"apocalypsenow:dagger":2,"apocalypsenow:anarchy_leggings":1,"apocalypsenow:bayonet":1,"minecraft:diamond":4,"minecraft:slime_block":2,"artifacts:crystal_heart":2,"apocalypsenow:construction_helmet":7,"immersiveengineering:conveyor_basic":24,"pfm:dark_oak_light_gray_simple_bed":2,"pfm:oak_light_gray_simple_bed":2,"sophisticatedbackpacks:gold_backpack":2,"apocalypsenow:bread_knife":1,"minecraft:crafting_table":1,"tac:glock_17":3,"tac:glock_18":1,"apocalypsenow:fire_figther_boots":5,"farmersdelight:tomato_sauce":1,"quark:gunpowder_sack":1,"minecraft:iron_axe":2,"minecraft:compass":1,"apocalypsenow:medicalkit":15,"apocalypsenow:night_stick":3,"embellishcraft:smooth_basalt":4,"apocalypsenow:construction_boots":1,"embellishcraft:sturdy_steel_door":3,"farmersdelight:kelp_roll_slice":3,"cfm:cyan_kitchen_counter":5,"farmersdelight:cabbage_crate":1,"minecraft:bowl":2,"sophisticatedbackpacks:backpack":1,"apocalypsenow:pipe_wrench":1,"minecraft:carrot":2,"apocalypsenow:combat_knife":1,"apocalypsenow:baseball_bat":1,"minecraft:gold_ingot":7,"firstaid:bandage":11,"apocalypsenow:fire_figther_chestplate":3,"minecraft:white_wool":4,"create:framed_glass_trapdoor":1,"apocalypsenow:orange_juice":5,"minecraft:oak_log":1,"minecraft:gunpowder":56,"apocalypsenow:rain_collector":2,"apocalypsenow:construction_leggings":7,"solcarrot:food_book":4,"apocalypsenow:money":5,"farmersdelight:fruit_salad":1,"minecraft:iron_ingot":52,"minecraft:stone_pickaxe":2,"apocalypsenow:fire_figther_helmet":2,"minecraft:glass_bottle":12,"tac:ae50":6,"minecraft:dark_oak_stairs":2,"minecraft:oak_slab":2,"minecraft:sweet_berries":1,"nameless_trinkets:experience_battery":1,"minecraft:stone_brick_slab":3,"minecraft:gravel":1,"apocalypsenow:police_leggings":3,"apocalypsenow:vodka":3,"nameless_trinkets:super_magnet":1,"immersiveengineering:seed":1,"quark:framed_glass_pane":2,"embellishcraft:air_duct":6,"minecraft:stripped_dark_oak_log":1,"minecraft:coal":4,"quark:gray_framed_glass":3},"minecraft:dropped":{"minecraft:dark_oak_stairs":2,"minecraft:glass_bottle":11,"tac:m1911":1,"apocalypsenow:police_leggings":3,"minecraft:leather_helmet":1,"farmersdelight:salmon_roll":2,"minecraft:cyan_terracotta":7,"minecraft:dirt":8,"apocalypsenow:construction_leggings":5,"apocalypsenow:night_stick":4,"apocalypsenow:construction_boots":1,"embellishcraft:smooth_basalt":2,"apocalypsenow:fire_figther_boots":4,"solcarrot:food_book":5,"embellishcraft:air_duct":3,"apocalypsenow:construction_helmet":3,"apocalypsenow:chips":3,"tac:m92fs":1,"minecraft:iron_pickaxe":1,"apocalypsenow:glassbottle":3,"minecraft:bone":4,"apocalypsenow:rubber_hammer":1,"minecraft:gravel":1,"minecraft:compass":3,"farmersdelight:cabbage_crate":1,"apocalypsenow:broken_tv":1,"alexsmobs:animal_dictionary":1,"pfm:dark_wood_kitchen_drawer":1,"apocalypsenow:small_can":5,"minecraft:rotten_flesh":151,"minecraft:oak_planks":1,"apocalypsenow:money":1,"embellishcraft:sturdy_steel_door":3,"alexsmobs:emu_egg":1,"minecraft:carrot":2,"patchouli:guide_book":5,"create:bar_of_chocolate":23,"tac:cz75":1,"create:framed_glass_trapdoor":1,"apocalypsenow:fire_figther_leggings":2,"apocalypsenow:knife_spear":1,"minecraft:leather_boots":4,"minecraft:azalea":1,"minecraft:iron_bars":1,"apocalypsenow:can_opener":1,"cfm:cyan_kitchen_counter":1,"immersiveengineering:seed":1,"apocalypsenow:human_flesh":2,"apocalypsenow:police_boots":1,"minecraft:oak_slab":2,"apocalypsenow:police_helmet":1,"minecraft:black_dye":1,"minecraft:wheat_seeds":1,"createaddition:barbed_wire":5,"tac:glock_18":1,"tac:mk23":1,"minecraft:coal":4,"apocalypsenow:u_sarmy_boots":2,"minecraft:stick":2,"minecraft:iron_block":1,"tac:m4":1,"farmersdelight:melon_popsicle":2,"apocalypsenow:fire_figther_chestplate":4,"minecraft:torch":66,"minecraft:smooth_quartz":1,"minecraft:potion":11,"artifacts:crystal_heart":1,"minecraft:paper":7,"minecraft:stone_brick_slab":3,"apocalypsenow:pipe_wrench":1,"farmersdelight:melon_juice":16,"apocalypsenow:u_sarmy_chestplate":1,"quark:gray_framed_glass":3,"minecraft:sweet_berries":1,"apocalypsenow:fire_figther_helmet":3,"quark:framed_glass_pane":1,"minecraft:bowl":3,"embellishcraft:smooth_marble":2,"farmersdelight:kelp_roll_slice":3,"apocalypsenow:anarchy_chestplate":1,"sophisticatedbackpacks:backpack":1,"apocalypsenow:red_football_armor_helmet":1,"minecraft:flint_and_steel":1,"apocalypsenow:anarchy_leggings":1,"minecraft:potato":1,"apocalypsenow:construction_chestplate":1,"farmersdelight:minced_beef":5,"pfm:furniture_book":1,"minecraft:stone_pickaxe":3,"minecraft:wooden_pickaxe":1,"tac:9mm_round":60},"minecraft:mined":{"embellishcraft:sturdy_steel_door":6,"apocalypsenow:rain_collector":2,"embellishcraft:spruce_wooden_crate":2,"minecraft:grass_block":3,"minecraft:light_gray_bed":1,"minecraft:white_concrete":1,"minecraft:spawner":54,"minecraft:smooth_stone":5,"minecraft:dark_oak_trapdoor":1,"minecraft:dark_oak_stairs":2,"apocalypsenow:broken_tv":3,"create:polished_cut_limestone":1,"minecraft:iron_bars":1,"minecraft:iron_block":8,"minecraft:cyan_terracotta":17,"minecraft:torch":11,"quark:framed_glass_pane":1,"quark:gray_framed_glass":3,"minecraft:cobblestone":4,"minecraft:slime_block":2,"minecraft:oak_planks":2,"createaddition:barbed_wire":37,"minecraft:iron_door":20,"minecraft:wall_torch":5,"pfm:dark_wood_kitchen_drawer":3,"minecraft:light_gray_stained_glass":1,"minecraft:grass":1,"minecraft:oak_log":1,"create:framed_glass_trapdoor":1,"minecraft:dirt":12,"minecraft:smooth_quartz":1,"pfm:oak_gray_simple_bed":5,"simplylight:illuminant_block":1,"immersiveengineering:conveyor_basic":12,"cfm:cyan_kitchen_counter":5,"minecraft:oak_leaves":10,"pfm:oak_light_gray_simple_bed":3,"embellishcraft:air_duct":1,"minecraft:dark_oak_leaves":2,"minecraft:stripped_birch_log":3,"minecraft:gray_stained_glass_pane":4,"biomesoplenty:bush":5,"pfm:dark_oak_light_gray_simple_bed":2,"zombie_extreme:wooden_barricades":3,"embellishcraft:warning_steel_door":2,"minecraft:stone":28,"minecraft:white_wool":1,"minecraft:oak_slab":2,"minecraft:stripped_dark_oak_log":1,"minecraft:stone_brick_slab":3,"minecraft:crafting_table":1,"minecraft:gray_stained_glass":3,"minecraft:sweet_berry_bush":1,"embellishcraft:smooth_marble":10,"minecraft:coal_ore":4,"minecraft:gravel":1,"minecraft:cobweb":3},"minecraft:killed":{"undead_revamp2:thesmoker":5,"undead_revamp2:thepregnant":1,"minecraft:zombie_villager":1,"undead_revamp2:theordure":1,"minecraft:zombie":297,"zombie_extreme:infected_police":5,"alexsmobs:fly":2,"hordes:zombie_player":1,"zombie_extreme:runner":5,"zombie_extreme:crawler":2,"minecraft:husk":24,"undead_revamp2:the_moonflower":5}},"DataVersion":2975}