{"stats":{"minecraft:broken":{"apocalypsenow:u_sarmy_boots":1,"minecraft:leather_chestplate":1,"minecraft:iron_axe":1,"apocalypsenow:baseball_bat":1},"minecraft:custom":{"lootr:looted_stat":69,"minecraft:interact_with_crafting_table":34,"minecraft:microwave_used":1,"minecraft:bell_ring":2,"minecraft:leave_game":5,"minecraft:time_since_death":129248,"minecraft:sprint_one_cm":518641,"minecraft:drop":234,"minecraft:play_time":407535,"minecraft:deaths":8,"minecraft:jump":1627,"minecraft:walk_on_water_one_cm":14590,"minecraft:interact_with_furnace":9,"minecraft:stove_opened":5,"minecraft:sleep_in_bed":11,"minecraft:damage_dealt":41339,"minecraft:player_kills":4,"minecraft:crouch_one_cm":16858,"minecraft:mob_kills":609,"minecraft:damage_dealt_resisted":866,"minecraft:climb_one_cm":45648,"minecraft:walk_one_cm":1233508,"minecraft:fridge_opened":20,"minecraft:chair_used":1,"minecraft:damage_dealt_absorbed":184,"minecraft:sneak_time":6930,"minecraft:walk_under_water_one_cm":5804,"minecraft:drawer_searched":38,"minecraft:total_world_time":407535,"minecraft:toilet_used":6,"minecraft:cabinet_searched":5,"minecraft:time_since_rest":61692,"minecraft:damage_taken":5377,"minecraft:swim_one_cm":5668,"minecraft:fly_one_cm":195020,"minecraft:freezer_opened":13,"minecraft:open_chest":94,"minecraft:fall_one_cm":24545},"minecraft:crafted":{"minecraft:brick":40,"minecraft:oak_planks":4,"immersiveengineering:hammer":1,"minecraft:lever":1,"minecraft:glass":6,"minecraft:oak_button":1,"minecraft:diamond_axe":1,"minecraft:crafting_table":5,"biomesoplenty:redwood_button":1,"minecraft:diamond_pickaxe":1,"minecraft:stick":16,"minecraft:iron_ingot":9,"minecraft:iron_pickaxe":1,"quark:iron_button":2,"minecraft:stone_shovel":1,"firstaid:plaster":3,"minecraft:glass_pane":16,"minecraft:iron_axe":1,"minecraft:stone_pickaxe":2,"minecraft:air":290,"minecraft:white_wool":14,"easy_villagers:breeder":1,"firstaid:bandage":1,"minecraft:white_bed":1},"minecraft:mined":{"embellishcraft:sturdy_steel_door":6,"apocalypsenow:rain_collector":2,"minecraft:potted_cactus":1,"embellishcraft:spruce_wooden_crate":2,"minecraft:grass_block":7,"minecraft:light_gray_bed":1,"minecraft:white_concrete":1,"minecraft:spawner":58,"minecraft:smooth_stone":5,"minecraft:dark_oak_trapdoor":1,"minecraft:fire":4,"minecraft:dark_oak_stairs":2,"apocalypsenow:broken_tv":3,"create:polished_cut_limestone":1,"minecraft:iron_bars":1,"minecraft:iron_block":10,"minecraft:cyan_terracotta":19,"minecraft:clay":17,"apocalypsenow:money_block":35,"minecraft:torch":11,"quark:framed_glass_pane":2,"quark:gray_framed_glass":3,"minecraft:cobblestone":5,"minecraft:slime_block":2,"refinedstorage:disk_drive":9,"minecraft:oak_planks":2,"createaddition:barbed_wire":41,"minecraft:iron_door":25,"minecraft:wall_torch":6,"pfm:dark_wood_kitchen_drawer":3,"minecraft:light_gray_stained_glass":1,"minecraft:grass":2,"cfm:gray_kitchen_counter":1,"minecraft:oak_log":1,"create:framed_glass_trapdoor":1,"minecraft:sand":30,"minecraft:dirt":16,"minecraft:smooth_quartz":1,"pfm:oak_gray_simple_bed":5,"simplylight:illuminant_block":1,"refinedstorage:storage_monitor":1,"immersiveengineering:conveyor_basic":12,"cfm:cyan_kitchen_counter":6,"minecraft:oak_leaves":12,"pfm:oak_light_gray_simple_bed":11,"embellishcraft:air_duct":1,"minecraft:dark_oak_leaves":2,"minecraft:stripped_birch_log":3,"minecraft:gray_stained_glass_pane":6,"biomesoplenty:bush":5,"minecraft:stone_button":1,"minecraft:moss_block":2,"minecraft:black_stained_glass_pane":2,"pfm:dark_oak_light_gray_simple_bed":2,"zombie_extreme:wooden_barricades":3,"minecraft:peony":1,"cfm:cyan_kitchen_drawer":1,"embellishcraft:warning_steel_door":2,"minecraft:stone":108,"minecraft:white_wool":1,"minecraft:podzol":4,"minecraft:oak_slab":2,"minecraft:stripped_dark_oak_log":1,"minecraft:stone_brick_slab":3,"minecraft:crafting_table":1,"minecraft:gray_stained_glass":3,"embellishcraft:gneiss_large_bricks_wall":1,"minecraft:copper_ore":5,"embellishcraft:marble_slab":2,"refinedstorage:network_receiver":1,"minecraft:sweet_berry_bush":1,"embellishcraft:smooth_marble":22,"minecraft:coal_ore":4,"minecraft:gravel":3,"minecraft:cobweb":3,"biomesoplenty:redwood_sapling":5,"minecraft:fern":1},"minecraft:killed":{"undead_revamp2:thesmoker":23,"undead_revamp2:thepregnant":1,"minecraft:zombie_villager":1,"undead_revamp2:theordure":2,"minecraft:zombie":394,"zombie_extreme:infected_police":6,"alexsmobs:fly":2,"hordes:zombie_player":1,"undead_revamp2:bomber":3,"minecraft:drowned":4,"zombie_extreme:runner":9,"zombie_extreme:crawler":4,"minecraft:husk":59,"undead_revamp2:the_moonflower":5},"minecraft:dropped":{"minecraft:moss_block":1,"minecraft:dark_oak_stairs":2,"minecraft:glass_bottle":11,"tac:m1911":1,"apocalypsenow:police_leggings":3,"minecraft:leather_helmet":1,"sophisticatedbackpacks:gold_backpack":1,"minecraft:cyan_terracotta":7,"farmersdelight:salmon_roll":2,"minecraft:dirt":11,"firstaid:bandage":4,"artifacts:superstitious_hat":1,"apocalypsenow:construction_leggings":5,"apocalypsenow:night_stick":4,"apocalypsenow:construction_boots":1,"embellishcraft:smooth_basalt":2,"apocalypsenow:fire_figther_boots":4,"solcarrot:food_book":5,"embellishcraft:air_duct":3,"apocalypsenow:construction_helmet":3,"apocalypsenow:chips":3,"tac:m92fs":1,"minecraft:iron_pickaxe":1,"apocalypsenow:glassbottle":3,"minecraft:bone":8,"minecraft:gravel":3,"apocalypsenow:rubber_hammer":1,"minecraft:compass":3,"embellishcraft:marble_slab":1,"farmersdelight:cabbage_crate":1,"apocalypsenow:broken_tv":1,"alexsmobs:animal_dictionary":1,"pfm:dark_wood_kitchen_drawer":1,"apocalypsenow:small_can":5,"minecraft:wheat":34,"minecraft:rotten_flesh":186,"minecraft:oak_planks":1,"apocalypsenow:money":1,"embellishcraft:sturdy_steel_door":3,"alexsmobs:emu_egg":1,"minecraft:carrot":2,"patchouli:guide_book":5,"create:bar_of_chocolate":23,"tac:cz75":1,"create:framed_glass_trapdoor":1,"apocalypsenow:fire_figther_leggings":2,"apocalypsenow:knife_spear":1,"minecraft:leather_boots":4,"minecraft:azalea":1,"minecraft:iron_bars":1,"apocalypsenow:can_opener":1,"cfm:cyan_kitchen_counter":1,"immersiveengineering:seed":1,"apocalypsenow:human_flesh":4,"apocalypsenow:police_boots":1,"minecraft:oak_slab":2,"apocalypsenow:police_helmet":1,"minecraft:black_dye":1,"minecraft:wheat_seeds":63,"createaddition:barbed_wire":50,"tac:glock_18":1,"minecraft:cobblestone":1,"embellishcraft:steel_wall_ladder":49,"tac:mk23":1,"minecraft:coal":4,"apocalypsenow:u_sarmy_boots":2,"minecraft:stick":2,"minecraft:iron_block":1,"artifacts:lucky_scarf":1,"tac:m4":1,"apocalypsenow:fire_figther_chestplate":4,"farmersdelight:melon_popsicle":2,"minecraft:torch":66,"minecraft:smooth_quartz":1,"apocalypsenow:porpsi":54,"minecraft:potion":11,"artifacts:crystal_heart":2,"minecraft:cactus":1,"minecraft:paper":7,"minecraft:string":4,"minecraft:stone_brick_slab":3,"apocalypsenow:pipe_wrench":1,"farmersdelight:melon_juice":16,"apocalypsenow:u_sarmy_chestplate":1,"quark:gray_framed_glass":3,"minecraft:sweet_berries":1,"apocalypsenow:fire_figther_helmet":3,"minecraft:raw_copper":5,"quark:framed_glass_pane":1,"minecraft:bowl":5,"embellishcraft:smooth_marble":2,"farmersdelight:kelp_roll_slice":3,"apocalypsenow:anarchy_chestplate":1,"sophisticatedbackpacks:backpack":1,"apocalypsenow:red_football_armor_helmet":1,"minecraft:flint_and_steel":1,"apocalypsenow:anarchy_leggings":1,"minecraft:potato":2,"apocalypsenow:construction_chestplate":1,"minecraft:flower_pot":1,"farmersdelight:minced_beef":5,"pfm:furniture_book":1,"minecraft:stone_pickaxe":3,"minecraft:wooden_pickaxe":1,"tac:9mm_round":60,"nameless_trinkets:experience_battery":1},"minecraft:killed_by":{"minecraft:zombie":2,"undead_revamp2:thesmoker":1,"minecraft:player":4},"minecraft:used":{"easy_villagers:breeder":1,"embellishcraft:marble_slab":1,"farmersdelight:cabbage":2,"embellishcraft:air_duct":3,"apocalypsenow:chips":3,"farmersdelight:melon_juice":6,"farmersdelight:sweet_berry_cheesecake":2,"cfm:cyan_kitchen_counter":4,"apocalypsenow:apple_juice":3,"immersiveengineering:cokebrick":27,"embellishcraft:smooth_marble":12,"apocalypsenow:kitchen_knife":27,"apocalypsenow:coffee":1,"minecraft:cyan_terracotta":9,"apocalypsenow:money_block":40,"minecraft:furnace":1,"apocalypsenow:combat_knife":469,"apocalypsenow:bayonet":1,"apocalypsenow:energy_drink":3,"apocalypsenow:electric_baton":330,"minecraft:stone_pickaxe":66,"minecraft:oak_planks":2,"minecraft:wooden_pickaxe":24,"minecraft:white_wool":1,"apocalypsenow:whisky":2,"embellishcraft:warning_steel_door":1,"farmersdelight:honey_cookie":3,"minecraft:lever":1,"immersiveengineering:hammer":1,"minecraft:bread":8,"minecraft:stone_button":1,"embellishcraft:steel_wall_ladder":3,"minecraft:iron_door":4,"quark:iron_button":2,"apocalypsenow:cereal":3,"pfm:oak_gray_simple_bed":4,"minecraft:flint_and_steel":34,"minecraft:stone_shovel":55,"minecraft:torch":65,"minecraft:dirt":5,"apocalypsenow:orange_juice":3,"apocalypsenow:pipe_wrench":59,"pfm:dark_oak_light_gray_simple_bed":4,"minecraft:iron_axe":15,"apocalypsenow:baseball_bat":26,"apocalypsenow:porpsi":1,"minecraft:light_gray_bed":1,"sophisticatedbackpacks:gold_backpack":1,"minecraft:glass_bottle":7,"pfm:oak_light_gray_simple_bed":10,"createaddition:barbed_wire":7,"minecraft:crafting_table":5,"farmersdelight:bacon_and_eggs":2,"minecraft:diamond_pickaxe":74,"minecraft:apple":3,"apocalypsenow:rubber_hammer":31,"minecraft:iron_pickaxe":237,"cgm:grenade":1,"minecraft:potion":13,"minecraft:cobblestone":29,"apocalypsenow:peach_juice":2,"chalk:blue_chalk":2,"apocalypsenow:open_canned_tomatos":1,"farmersdelight:fruit_salad":3},"minecraft:picked_up":{"apocalypsenow:energy_drink":2,"tac:mk23":4,"zombie_extreme:wooden_barricades":1,"minecraft:wheat":34,"minecraft:flower_pot":1,"embellishcraft:warning_steel_door":2,"immersiveengineering:plate_duroplast":18,"minecraft:lead":1,"minecraft:potion":36,"apocalypsenow:can_opener":1,"minecraft:string":559,"minecraft:dark_oak_trapdoor":1,"minecraft:raw_copper":22,"pfm:oak_gray_simple_bed":4,"minecraft:azalea":1,"apocalypsenow:anarchy_chestplate":1,"minecraft:smooth_quartz":1,"minecraft:iron_pickaxe":4,"minecraft:stick":16,"embellishcraft:smooth_marble":14,"tac:m4":1,"minecraft:torch":134,"apocalypsenow:open_canned_carrot":2,"apocalypsenow:glassbottle":1,"refinedstorage:disk_drive":9,"apocalypsenow:iron_baseball_bat":1,"apocalypsenow:fire_figther_leggings":3,"minecraft:cactus":1,"artifacts:lucky_scarf":2,"apocalypsenow:porpsi":55,"minecraft:light_gray_bed":2,"minecraft:rotten_flesh":492,"createaddition:barbed_wire":87,"cfm:gray_kitchen_counter":1,"minecraft:iron_block":6,"minecraft:cyan_terracotta":12,"apocalypsenow:kitchen_knife":1,"alexsmobs:emu_egg":2,"apocalypsenow:police_chestplate":2,"apocalypsenow:bikers_helmet":1,"pfm:dark_wood_kitchen_drawer":1,"apocalypsenow:police_boots":3,"minecraft:iron_bars":1,"embellishcraft:marble_slab":3,"apocalypsenow:money_block":34,"minecraft:cobblestone":115,"apocalypsenow:u_sarmy_boots":3,"apocalypsenow:blue_football_armor_leggings":1,"tac:round45":211,"minecraft:iron_door":33,"apocalypsenow:anarchy_boots":1,"apocalypsenow:coffee":16,"minecraft:potato":3,"contenttweaker:rubber":5,"apocalypsenow:construction_chestplate":5,"minecraft:stripped_birch_log":3,"minecraft:dirt":27,"cgm:grenade":1,"contenttweaker:research_paper_4":1,"minecraft:leather_boots":3,"minecraft:bone":520,"minecraft:wheat_seeds":64,"apocalypsenow:human_flesh":4,"cfm:cyan_kitchen_drawer":1,"apocalypsenow:broken_tv":1,"minecraft:moss_block":1,"apocalypsenow:police_helmet":4,"minecraft:glowstone_dust":17,"tac:9mm_round":242,"apocalypsenow:electric_baton":2,"minecraft:oak_planks":1,"firstaid:plaster":17,"apocalypsenow:canned_carrot":2,"apocalypsenow:u_sarmy_chestplate":1,"patchouli:guide_book":2,"apocalypsenow:small_can":6,"apocalypsenow:chips":3,"minecraft:sand":160,"apocalypsenow:dagger":2,"apocalypsenow:anarchy_leggings":1,"apocalypsenow:bayonet":1,"minecraft:diamond":4,"minecraft:slime_block":2,"artifacts:crystal_heart":3,"apocalypsenow:construction_helmet":9,"immersiveengineering:conveyor_basic":24,"pfm:dark_oak_light_gray_simple_bed":4,"pfm:oak_light_gray_simple_bed":10,"biomesoplenty:redwood_log":352,"sophisticatedbackpacks:gold_backpack":4,"apocalypsenow:bread_knife":1,"minecraft:crafting_table":1,"tac:glock_17":3,"tac:glock_18":1,"apocalypsenow:fire_figther_boots":5,"minecraft:clay_ball":164,"farmersdelight:tomato_sauce":1,"quark:gunpowder_sack":1,"minecraft:iron_axe":2,"minecraft:compass":1,"apocalypsenow:medicalkit":15,"apocalypsenow:night_stick":3,"embellishcraft:smooth_basalt":4,"apocalypsenow:construction_boots":1,"refinedstorage:storage_monitor":1,"embellishcraft:sturdy_steel_door":3,"farmersdelight:kelp_roll_slice":3,"cfm:cyan_kitchen_counter":5,"farmersdelight:cabbage_crate":1,"minecraft:bowl":2,"sophisticatedbackpacks:backpack":2,"minecraft:stone_button":1,"apocalypsenow:pipe_wrench":1,"minecraft:carrot":2,"apocalypsenow:combat_knife":1,"tac:b_magnum":30,"apocalypsenow:baseball_bat":1,"minecraft:peony":1,"minecraft:gold_ingot":8,"firstaid:bandage":13,"biomesoplenty:redwood_sapling":43,"apocalypsenow:fire_figther_chestplate":3,"minecraft:white_wool":4,"apocalypsenow:green_bikers_helmet":1,"create:framed_glass_trapdoor":1,"apocalypsenow:orange_juice":5,"minecraft:oak_log":1,"artifacts:superstitious_hat":1,"minecraft:gunpowder":70,"minecraft:paper":6,"embellishcraft:gneiss_large_bricks_wall":1,"apocalypsenow:rain_collector":2,"apocalypsenow:construction_leggings":7,"solcarrot:food_book":4,"apocalypsenow:money":11,"farmersdelight:fruit_salad":1,"minecraft:iron_ingot":52,"minecraft:stone_pickaxe":2,"refinedstorage:cable":2,"apocalypsenow:fire_figther_helmet":2,"minecraft:glass_bottle":12,"tac:ae50":51,"minecraft:dark_oak_stairs":2,"minecraft:oak_slab":2,"minecraft:sweet_berries":1,"nameless_trinkets:experience_battery":2,"minecraft:stone_brick_slab":3,"minecraft:gravel":4,"apocalypsenow:police_leggings":3,"apocalypsenow:vodka":3,"minecraft:leather_helmet":1,"nameless_trinkets:super_magnet":1,"immersiveengineering:seed":1,"quark:framed_glass_pane":2,"embellishcraft:air_duct":6,"refinedstorage:network_receiver":1,"minecraft:stripped_dark_oak_log":1,"minecraft:coal":4,"quark:gray_framed_glass":3}},"DataVersion":2975}