{"stats":{"minecraft:dropped":{"apocalypsenow:human_flesh":1,"tac:round45":2,"minecraft:cobblestone":1,"apocalypsenow:money":2,"tac:mk23":1,"patchouli:guide_book":1,"create:framed_glass_trapdoor":1,"apocalypsenow:night_stick":2,"solcarrot:food_book":2,"minecraft:stone_pickaxe":1,"minecraft:wooden_pickaxe":2,"tac:9mm_round":3,"firstaid:plaster":4,"apocalypsenow:glassbottle":1},"minecraft:picked_up":{"tac:round45":2,"tac:mk23":1,"minecraft:crafting_table":2,"minecraft:iron_door":1,"minecraft:wooden_pickaxe":1,"minecraft:potato":1,"create:framed_glass_trapdoor":1,"apocalypsenow:u_sarmy_helmet":2,"minecraft:gold_block":4,"minecraft:potion":12,"farmersdelight:cutting_board":1,"minecraft:string":39,"minecraft:dirt":6,"farmersdelight:shepherds_pie_block":2,"pfm:oak_gray_simple_bed":3,"apocalypsenow:u_sarmy_leggings":1,"minecraft:bone":52,"apocalypsenow:construction_leggings":1,"farmersdelight:cooking_pot":2,"apocalypsenow:night_stick":2,"apocalypsenow:human_flesh":3,"apocalypsenow:money":1,"minecraft:iron_ingot":1,"minecraft:stone_pickaxe":1,"tac:9mm_round":3,"minecraft:oak_planks":1,"firstaid:plaster":2,"minecraft:oak_slab":2,"minecraft:stick":2,"minecraft:emerald_block":3,"farmersdelight:minced_beef":8,"minecraft:torch":3,"apocalypsenow:glassbottle":1,"minecraft:blast_furnace":2,"apocalypsenow:combat_knife":2,"buildersdelight:industrial_flat_2":1,"farmersdelight:melon_popsicle":2,"minecraft:rotten_flesh":73,"minecraft:iron_block":6,"minecraft:cyan_terracotta":4,"embellishcraft:air_duct":1,"apocalypsenow:fire_figther_chestplate":2,"farmersdelight:stove":4,"quark:gray_framed_glass":3,"minecraft:cobblestone":5},"minecraft:mined":{"farmersdelight:cooking_pot":2,"embellishcraft:air_duct":1,"minecraft:torch":1,"minecraft:crafting_table":2,"minecraft:blast_furnace":2,"buildersdelight:industrial_flat_2":1,"minecraft:wall_torch":1,"minecraft:spawner":1,"farmersdelight:shepherds_pie_block":2,"create:framed_glass_pane":4,"farmersdelight:cutting_board":1,"minecraft:gold_block":4,"minecraft:cobweb":1,"pfm:oak_gray_simple_bed":3,"farmersdelight:stove":4,"minecraft:iron_block":2,"minecraft:emerald_block":3},"minecraft:crafted":{"sophisticatedbackpacks:gold_backpack":1,"minecraft:air":9,"minecraft:iron_pickaxe":1,"minecraft:iron_ingot":9,"minecraft:gold_ingot":9,"sophisticatedbackpacks:iron_backpack":1},"minecraft:killed":{"undead_revamp2:thesmoker":2,"minecraft:zombie":24},"minecraft:used":{"apocalypsenow:wrapped_baseball_bat":17,"minecraft:glass_bottle":9,"farmersdelight:stove":2,"minecraft:wooden_pickaxe":7,"embellishcraft:air_duct":1,"minecraft:leather_boots":1,"minecraft:torch":5,"minecraft:crafting_table":1,"minecraft:blast_furnace":2,"apocalypsenow:police_leggings":1,"apocalypsenow:police_helmet":1,"buildersdelight:industrial_flat_2":1,"farmersdelight:apple_cider":1,"minecraft:iron_axe":2,"minecraft:bread":2,"minecraft:iron_pickaxe":15,"farmersdelight:melon_popsicle":1,"minecraft:leather_helmet":1,"minecraft:potion":5,"apocalypsenow:combat_knife":60,"apocalypsenow:night_stick":9,"pfm:oak_gray_simple_bed":2},"minecraft:custom":{"lootr:looted_stat":10,"minecraft:mob_kills":25,"minecraft:toilet_used":5,"minecraft:interact_with_crafting_table":6,"minecraft:stove_opened":4,"minecraft:trashcan_opened":3,"minecraft:leave_game":1,"minecraft:time_since_death":17743,"minecraft:sleep_in_bed":2,"minecraft:climb_one_cm":7069,"minecraft:cabinet_searched":1,"minecraft:time_since_rest":12247,"minecraft:sprint_one_cm":175485,"minecraft:damage_taken":931,"minecraft:walk_one_cm":330075,"minecraft:drop":24,"minecraft:damage_dealt":2115,"minecraft:fly_one_cm":170114,"minecraft:freezer_opened":4,"minecraft:player_kills":1,"minecraft:crouch_one_cm":4703,"minecraft:play_time":114937,"minecraft:deaths":3,"minecraft:sneak_time":1242,"minecraft:jump":843,"minecraft:drawer_searched":3,"minecraft:walk_on_water_one_cm":857,"minecraft:total_world_time":114937,"minecraft:fall_one_cm":5337},"minecraft:killed_by":{"minecraft:player":1}},"DataVersion":2975}