{"stats":{"minecraft:picked_up":{"sophisticatedbackpacks:gold_backpack":7,"tac:mk23":2,"minecraft:crafting_table":2,"tac:glock_18":1,"apocalypsenow:fire_figther_boots":3,"minecraft:lead":1,"minecraft:wooden_pickaxe":1,"apocalypsenow:u_sarmy_helmet":4,"minecraft:gold_block":7,"minecraft:potion":68,"minecraft:brewing_stand":1,"farmersdelight:cutting_board":1,"minecraft:string":126,"pfm:oak_gray_simple_bed":10,"minecraft:compass":1,"minecraft:iron_shovel":1,"apocalypsenow:night_stick":2,"apocalypsenow:construction_boots":1,"embellishcraft:sturdy_steel_door":1,"minecraft:stick":2,"farmersdelight:potato_crate":2,"embellishcraft:smooth_marble":4,"farmersdelight:cabbage_crate":1,"farmersdelight:minced_beef":8,"minecraft:torch":49,"minecraft:bowl":6,"sophisticatedbackpacks:backpack":2,"apocalypsenow:glassbottle":1,"apocalypsenow:combat_knife":2,"apocalypsenow:fire_figther_leggings":5,"farmersdelight:melon_popsicle":2,"buildersdelight:industrial_flat_2":1,"farmersdelight:tomato_crate":1,"minecraft:rotten_flesh":156,"createaddition:barbed_wire":18,"minecraft:iron_block":9,"minecraft:cyan_terracotta":9,"apocalypsenow:kitchen_knife":1,"apocalypsenow:police_boots":1,"minecraft:iron_bars":1,"minecraft:cobblestone":5,"apocalypsenow:money_block":7,"apocalypsenow:fire_figther_chestplate":5,"minecraft:white_wool":3,"tac:round45":9,"minecraft:iron_door":12,"minecraft:potato":1,"create:framed_glass_trapdoor":1,"contenttweaker:rubber":4,"immersivepetroleum:asphalt":1,"apocalypsenow:construction_chestplate":2,"minecraft:dirt":6,"farmersdelight:shepherds_pie_block":2,"apocalypsenow:u_sarmy_leggings":3,"minecraft:bone":138,"farmersdelight:cooking_pot":2,"apocalypsenow:construction_leggings":7,"apocalypsenow:human_flesh":3,"minecraft:wheat_seeds":1,"apocalypsenow:money":2,"farmersdelight:fruit_salad":1,"minecraft:iron_ingot":1,"minecraft:stone_pickaxe":3,"apocalypsenow:fire_figther_helmet":1,"minecraft:glowstone_dust":17,"minecraft:glass_bottle":21,"tac:9mm_round":29,"minecraft:oak_planks":3,"quark:light_gray_shard":4,"firstaid:plaster":2,"minecraft:oak_slab":4,"minecraft:emerald_block":3,"minecraft:blast_furnace":2,"tac:m92fs":2,"quark:framed_glass_pane":3,"embellishcraft:air_duct":1,"alexsmobs:maggot":2,"quark:gray_shard":7,"apocalypsenow:construction_helmet":2,"farmersdelight:stove":4,"quark:gray_framed_glass":3},"minecraft:killed":{"hordes:zombie_player":1,"undead_revamp2:thesmoker":4,"zombie_extreme:runner":1,"minecraft:husk":1,"minecraft:zombie_villager":1,"zombiemobs:zombie_fox":1,"minecraft:zombie":70,"zombie_extreme:infected_police":1,"alexsmobs:fly":2},"minecraft:killed_by":{"minecraft:player":1},"minecraft:crafted":{"sophisticatedbackpacks:iron_backpack":2,"sophisticatedbackpacks:gold_backpack":2,"apocalypsenow:fire_figther_boots":1,"minecraft:air":16,"minecraft:iron_ingot":9,"minecraft:iron_pickaxe":1,"minecraft:gold_ingot":18},"minecraft:custom":{"lootr:looted_stat":21,"minecraft:mob_kills":80,"minecraft:interact_with_crafting_table":8,"minecraft:microwave_used":1,"minecraft:leave_game":2,"minecraft:time_since_death":80499,"minecraft:climb_one_cm":17784,"minecraft:sprint_one_cm":215906,"minecraft:walk_one_cm":484299,"minecraft:fridge_opened":4,"minecraft:drop":89,"minecraft:damage_dealt_absorbed":16,"minecraft:play_time":177693,"minecraft:deaths":3,"minecraft:sneak_time":1968,"minecraft:jump":1321,"minecraft:interact_with_brewingstand":1,"minecraft:drawer_searched":3,"minecraft:walk_on_water_one_cm":857,"minecraft:total_world_time":177693,"minecraft:toilet_used":5,"minecraft:tune_noteblock":3,"minecraft:stove_opened":4,"minecraft:trashcan_opened":3,"minecraft:sleep_in_bed":5,"minecraft:time_since_rest":31923,"minecraft:cabinet_searched":1,"minecraft:damage_taken":1702,"minecraft:damage_dealt":5976,"minecraft:player_kills":2,"minecraft:fly_one_cm":209413,"minecraft:freezer_opened":4,"minecraft:crouch_one_cm":6916,"minecraft:fall_one_cm":12448},"minecraft:used":{"pfm:oak_gray_simple_bed":9,"farmersdelight:stove":4,"embellishcraft:air_duct":1,"minecraft:rotten_flesh":3,"minecraft:torch":10,"apocalypsenow:apple_juice":1,"apocalypsenow:police_leggings":1,"immersivepetroleum:asphalt":1,"embellishcraft:smooth_marble":4,"apocalypsenow:beer":1,"minecraft:iron_axe":25,"farmersdelight:melon_popsicle":1,"apocalypsenow:combat_knife":60,"apocalypsenow:night_stick":101,"sophisticatedbackpacks:gold_backpack":5,"apocalypsenow:wrapped_baseball_bat":17,"apocalypsenow:electric_baton":37,"minecraft:glass_bottle":20,"minecraft:oak_planks":1,"minecraft:wooden_pickaxe":7,"minecraft:leather_boots":1,"quark:gray_framed_glass":3,"minecraft:oak_slab":2,"minecraft:crafting_table":2,"minecraft:blast_furnace":2,"apocalypsenow:police_helmet":1,"buildersdelight:industrial_flat_2":1,"farmersdelight:apple_cider":1,"minecraft:bread":2,"minecraft:iron_pickaxe":86,"cgm:grenade":2,"minecraft:leather_helmet":1,"minecraft:iron_door":1,"minecraft:potion":7},"minecraft:dropped":{"apocalypsenow:human_flesh":1,"apocalypsenow:kitchen_knife":1,"apocalypsenow:police_boots":1,"minecraft:oak_slab":2,"apocalypsenow:police_helmet":1,"minecraft:wheat_seeds":1,"contenttweaker:rubber":4,"minecraft:glass_bottle":14,"tac:round45":40,"tac:glock_18":1,"tac:glock_17":1,"minecraft:cobblestone":1,"minecraft:lead":1,"apocalypsenow:police_leggings":1,"quark:gray_shard":7,"apocalypsenow:u_sarmy_leggings":1,"tac:mk23":2,"sophisticatedbackpacks:gold_backpack":5,"quark:light_gray_shard":4,"minecraft:torch":47,"apocalypsenow:night_stick":2,"apocalypsenow:construction_leggings":6,"minecraft:iron_door":8,"solcarrot:food_book":2,"minecraft:potion":4,"apocalypsenow:construction_helmet":1,"tac:m92fs":1,"minecraft:string":35,"minecraft:white_wool":3,"apocalypsenow:glassbottle":1,"minecraft:bone":10,"minecraft:compass":1,"quark:framed_glass_pane":3,"minecraft:bowl":4,"farmersdelight:fruit_salad":1,"minecraft:rotten_flesh":16,"minecraft:oak_planks":1,"minecraft:glowstone_dust":17,"apocalypsenow:money":2,"sophisticatedbackpacks:backpack":1,"patchouli:guide_book":1,"create:framed_glass_trapdoor":1,"minecraft:leather_boots":1,"tac:ae50":6,"minecraft:stone_pickaxe":3,"minecraft:wooden_pickaxe":2,"tac:9mm_round":23,"firstaid:plaster":6},"minecraft:mined":{"embellishcraft:air_duct":8,"sophisticatedbackpacks:gold_backpack":2,"farmersdelight:tomato_crate":1,"minecraft:brewing_stand":1,"buildersdelight:industrial_flat_2":1,"minecraft:spawner":7,"embellishcraft:smooth_basalt":2,"minecraft:smooth_stone":3,"immersivepetroleum:asphalt":1,"create:framed_glass_pane":4,"minecraft:fire":3,"minecraft:gold_block":7,"minecraft:vine":1,"minecraft:iron_bars":1,"minecraft:iron_block":5,"farmersdelight:cooking_pot":2,"minecraft:cyan_terracotta":9,"farmersdelight:potato_crate":2,"minecraft:crafting_table":2,"apocalypsenow:money_block":7,"minecraft:torch":1,"farmersdelight:cabbage_crate":1,"minecraft:blast_furnace":2,"createaddition:barbed_wire":18,"minecraft:iron_door":1,"minecraft:wall_torch":1,"quark:light_gray_stool":2,"farmersdelight:shepherds_pie_block":2,"minecraft:light_gray_stained_glass":2,"farmersdelight:cutting_board":1,"embellishcraft:smooth_marble":2,"pfm:oak_gray_simple_bed":9,"farmersdelight:stove":4,"minecraft:cobweb":1,"minecraft:emerald_block":3}},"DataVersion":2975}