{"stats":{"minecraft:picked_up":{"sophisticatedbackpacks:gold_backpack":7,"tac:mk23":2,"minecraft:crafting_table":2,"tac:glock_18":1,"apocalypsenow:fire_figther_boots":5,"immersiveengineering:plate_duroplast":2,"minecraft:lead":1,"minecraft:wooden_pickaxe":1,"apocalypsenow:u_sarmy_helmet":5,"minecraft:gold_block":11,"minecraft:potion":76,"create:schematic_table":1,"quark:gunpowder_sack":4,"minecraft:brewing_stand":1,"farmersdelight:cutting_board":1,"minecraft:string":236,"minecraft:flint_and_steel":1,"create:andesite_bars":3,"pfm:oak_gray_simple_bed":10,"farmersdelight:rice_roll_medley_block":1,"minecraft:compass":1,"minecraft:iron_shovel":1,"immersiveengineering:coil_hv":3,"apocalypsenow:night_stick":2,"immersiveengineering:steel_slope":9,"apocalypsenow:construction_boots":2,"immersiveengineering:treated_fence":8,"create:contraption_controls":3,"embellishcraft:sturdy_steel_door":4,"minecraft:egg":3,"farmersdelight:kelp_roll_slice":3,"minecraft:stick":2,"farmersdelight:potato_crate":2,"immersiveengineering:connector_hv":2,"tac:m4":1,"embellishcraft:smooth_marble":23,"farmersdelight:cabbage_crate":1,"farmersdelight:minced_beef":8,"minecraft:torch":59,"minecraft:bowl":7,"sophisticatedbackpacks:backpack":2,"apocalypsenow:glassbottle":1,"apocalypsenow:combat_knife":2,"apocalypsenow:fire_figther_leggings":5,"create:large_cogwheel":2,"farmersdelight:melon_popsicle":2,"buildersdelight:industrial_flat_2":1,"immersiveengineering:steel_scaffolding_standard":11,"farmersdelight:tomato_crate":1,"minecraft:light_gray_bed":1,"minecraft:rotten_flesh":323,"createaddition:barbed_wire":18,"minecraft:iron_block":25,"minecraft:cyan_terracotta":14,"apocalypsenow:kitchen_knife":1,"pfm:dark_wood_kitchen_drawer":3,"apocalypsenow:police_boots":1,"immersiveengineering:light_engineering":4,"minecraft:iron_bars":1,"minecraft:cobblestone":5,"apocalypsenow:money_block":28,"apocalypsenow:fire_figther_chestplate":7,"minecraft:white_wool":3,"immersiveengineering:metal_barrel":4,"tac:round45":76,"minecraft:iron_door":12,"minecraft:potato":2,"create:framed_glass_trapdoor":1,"contenttweaker:rubber":4,"immersivepetroleum:asphalt":1,"minecraft:gunpowder":1,"immersiveengineering:sheetmetal_iron":35,"apocalypsenow:construction_chestplate":3,"farmersdelight:cod_roll":1,"minecraft:dirt":14,"farmersdelight:shepherds_pie_block":2,"minecraft:leather_boots":2,"apocalypsenow:u_sarmy_leggings":4,"minecraft:bone":254,"farmersdelight:cooking_pot":2,"apocalypsenow:construction_leggings":10,"minecraft:stonecutter":1,"apocalypsenow:human_flesh":6,"minecraft:wheat_seeds":1,"embellishcraft:spruce_wooden_crate":5,"apocalypsenow:broken_tv":1,"apocalypsenow:money":4,"farmersdelight:fruit_salad":1,"minecraft:iron_ingot":1,"minecraft:stone_pickaxe":3,"create:shaft":1,"apocalypsenow:fire_figther_helmet":3,"minecraft:glowstone_dust":17,"minecraft:glass_bottle":22,"tac:9mm_round":79,"apocalypsenow:electric_baton":30,"minecraft:oak_planks":3,"apocalypsenow:red_football_armor_helmet":1,"quark:light_gray_shard":4,"firstaid:plaster":2,"minecraft:oak_slab":4,"minecraft:emerald_block":6,"minecraft:sweet_berries":1,"apocalypsenow:small_can":3,"create:cogwheel":7,"immersiveengineering:coil_lv":8,"minecraft:blast_furnace":2,"create:turntable":2,"minecraft:diamond":1,"tac:m92fs":2,"create:encased_fan":2,"quark:framed_glass_pane":3,"minecraft:spruce_button":2,"farmersdelight:rice_bag":3,"embellishcraft:air_duct":1,"alexsmobs:maggot":2,"quark:gray_shard":7,"immersiveengineering:capacitor_hv":4,"apocalypsenow:construction_helmet":6,"immersiveengineering:conveyor_basic":6,"farmersdelight:stove":4,"quark:gray_framed_glass":3},"minecraft:killed":{"hordes:zombie_player":2,"undead_revamp2:thesmoker":4,"zombie_extreme:runner":1,"minecraft:husk":2,"minecraft:zombie_villager":1,"undead_revamp2:the_moonflower":1,"zombiemobs:zombie_fox":1,"minecraft:zombie":162,"zombie_extreme:infected_police":2,"alexsmobs:fly":2},"minecraft:killed_by":{"minecraft:player":1,"minecraft:zombie":1},"minecraft:crafted":{"apocalypsenow:electric_baton":1,"apocalypsenow:fire_figther_leggings":1,"sophisticatedbackpacks:iron_backpack":2,"apocalypsenow:construction_boots":1,"apocalypsenow:u_sarmy_leggings":1,"sophisticatedbackpacks:gold_backpack":2,"apocalypsenow:fire_figther_boots":2,"minecraft:air":16,"apocalypsenow:fire_figther_chestplate":1,"apocalypsenow:construction_helmet":1,"minecraft:iron_ingot":9,"minecraft:iron_pickaxe":1,"minecraft:gold_ingot":18},"minecraft:custom":{"lootr:looted_stat":44,"minecraft:mob_kills":196,"minecraft:interact_with_crafting_table":8,"minecraft:microwave_used":1,"minecraft:damage_dealt_resisted":73,"minecraft:leave_game":2,"minecraft:time_since_death":3133,"minecraft:climb_one_cm":22777,"minecraft:sprint_one_cm":243306,"minecraft:walk_one_cm":763445,"minecraft:fridge_opened":4,"minecraft:drop":159,"minecraft:damage_dealt_absorbed":93,"minecraft:play_time":243693,"minecraft:deaths":5,"minecraft:sneak_time":2359,"minecraft:jump":1644,"minecraft:interact_with_brewingstand":1,"minecraft:drawer_searched":24,"minecraft:walk_on_water_one_cm":1587,"minecraft:total_world_time":243693,"minecraft:toilet_used":5,"minecraft:tune_noteblock":3,"minecraft:stove_opened":8,"minecraft:trashcan_opened":3,"minecraft:sleep_in_bed":7,"minecraft:time_since_rest":3161,"minecraft:cabinet_searched":5,"minecraft:damage_taken":2743,"minecraft:damage_dealt":15226,"minecraft:player_kills":4,"minecraft:fly_one_cm":233859,"minecraft:freezer_opened":10,"minecraft:crouch_one_cm":7918,"minecraft:fall_one_cm":19717},"minecraft:used":{"pfm:oak_gray_simple_bed":10,"embellishcraft:sturdy_steel_door":1,"farmersdelight:stove":4,"embellishcraft:air_duct":1,"minecraft:rotten_flesh":3,"minecraft:torch":65,"minecraft:dirt":27,"apocalypsenow:apple_juice":1,"apocalypsenow:police_leggings":1,"immersivepetroleum:asphalt":1,"pfm:dark_wood_kitchen_drawer":1,"embellishcraft:smooth_marble":11,"farmersdelight:vegetable_soup":1,"apocalypsenow:beer":1,"minecraft:grass_block":11,"minecraft:iron_axe":33,"farmersdelight:melon_popsicle":1,"apocalypsenow:combat_knife":60,"apocalypsenow:night_stick":101,"farmersdelight:salmon_roll":1,"sophisticatedbackpacks:gold_backpack":9,"embellishcraft:spruce_wooden_crate":1,"apocalypsenow:wrapped_baseball_bat":17,"apocalypsenow:electric_baton":332,"minecraft:glass_bottle":20,"minecraft:oak_planks":1,"minecraft:wooden_pickaxe":7,"minecraft:leather_boots":1,"quark:gray_framed_glass":3,"minecraft:oak_slab":3,"minecraft:crafting_table":2,"minecraft:blast_furnace":2,"apocalypsenow:police_helmet":1,"minecraft:diamond_pickaxe":69,"buildersdelight:industrial_flat_2":1,"farmersdelight:apple_cider":1,"minecraft:bread":2,"minecraft:iron_pickaxe":169,"cgm:grenade":2,"minecraft:leather_helmet":1,"minecraft:iron_door":1,"immersiveengineering:sheetmetal_iron":1,"minecraft:potion":7,"minecraft:smooth_stone_slab":2,"cfm:oak_upgraded_gate":20,"minecraft:smooth_stone":3},"minecraft:dropped":{"apocalypsenow:human_flesh":1,"apocalypsenow:kitchen_knife":1,"apocalypsenow:police_boots":1,"minecraft:oak_slab":2,"apocalypsenow:police_helmet":1,"minecraft:wheat_seeds":1,"contenttweaker:rubber":4,"embellishcraft:spruce_wooden_crate":4,"minecraft:glass_bottle":14,"tac:round45":65,"tac:glock_18":1,"tac:glock_17":1,"minecraft:cobblestone":1,"minecraft:lead":1,"apocalypsenow:police_leggings":1,"minecraft:spruce_button":2,"quark:gray_shard":7,"apocalypsenow:u_sarmy_leggings":1,"tac:mk23":2,"sophisticatedbackpacks:gold_backpack":5,"minecraft:cyan_terracotta":3,"quark:light_gray_shard":4,"tac:m4":1,"apocalypsenow:fire_figther_chestplate":1,"minecraft:torch":55,"apocalypsenow:night_stick":2,"apocalypsenow:construction_leggings":7,"minecraft:iron_door":8,"solcarrot:food_book":2,"minecraft:potion":4,"apocalypsenow:construction_helmet":2,"tac:m92fs":1,"minecraft:string":35,"minecraft:white_wool":3,"apocalypsenow:glassbottle":1,"minecraft:bone":10,"minecraft:compass":1,"create:andesite_bars":3,"pfm:dark_wood_kitchen_drawer":2,"quark:framed_glass_pane":3,"embellishcraft:smooth_marble":12,"minecraft:bowl":4,"farmersdelight:fruit_salad":1,"minecraft:rotten_flesh":16,"minecraft:oak_planks":1,"embellishcraft:sturdy_steel_door":2,"minecraft:glowstone_dust":17,"apocalypsenow:money":2,"sophisticatedbackpacks:backpack":1,"apocalypsenow:red_football_armor_helmet":1,"patchouli:guide_book":1,"create:framed_glass_trapdoor":1,"apocalypsenow:electric_baton":30,"minecraft:leather_boots":2,"tac:ae50":6,"minecraft:stone_pickaxe":3,"minecraft:wooden_pickaxe":2,"tac:9mm_round":23,"firstaid:plaster":14,"minecraft:egg":5},"minecraft:mined":{"immersiveengineering:capacitor_hv":4,"immersiveengineering:lightning_rod":1,"farmersdelight:rice_bag":3,"embellishcraft:sturdy_steel_door":1,"embellishcraft:air_duct":8,"sophisticatedbackpacks:gold_backpack":2,"farmersdelight:tomato_crate":1,"minecraft:brewing_stand":1,"create:large_cogwheel":2,"minecraft:light_gray_bed":2,"create:encased_fan":2,"buildersdelight:industrial_flat_2":1,"minecraft:spawner":12,"embellishcraft:smooth_basalt":2,"minecraft:smooth_stone":3,"create:shaft":1,"immersivepetroleum:asphalt":1,"create:framed_glass_pane":4,"immersiveengineering:coil_lv":8,"minecraft:fire":3,"immersiveengineering:steel_slope":9,"minecraft:gold_block":11,"minecraft:vine":1,"minecraft:iron_bars":1,"immersiveengineering:light_engineering":3,"minecraft:iron_block":20,"farmersdelight:cooking_pot":2,"create:andesite_bars":1,"create:cogwheel":7,"immersiveengineering:coil_hv":3,"immersiveengineering:sheetmetal_iron":34,"minecraft:cyan_terracotta":12,"farmersdelight:potato_crate":2,"immersiveengineering:metal_barrel":4,"minecraft:crafting_table":2,"apocalypsenow:money_block":7,"minecraft:torch":2,"farmersdelight:cabbage_crate":1,"minecraft:blast_furnace":2,"createaddition:barbed_wire":18,"minecraft:iron_door":1,"minecraft:wall_torch":6,"quark:light_gray_stool":2,"create:contraption_controls":3,"create:schematic_table":1,"farmersdelight:skillet":1,"farmersdelight:shepherds_pie_block":2,"minecraft:light_gray_stained_glass":2,"farmersdelight:cutting_board":1,"quark:gunpowder_sack":4,"create:turntable":2,"farmersdelight:rice_roll_medley_block":1,"immersiveengineering:steel_scaffolding_standard":11,"embellishcraft:smooth_marble":4,"immersiveengineering:tank":1,"immersiveengineering:steel_fence":2,"pfm:oak_gray_simple_bed":9,"farmersdelight:stove":4,"minecraft:cobweb":1,"immersiveengineering:conveyor_basic":6,"minecraft:stonecutter":1,"immersiveengineering:treated_fence":8,"minecraft:emerald_block":6}},"DataVersion":2975}