{"stats":{"minecraft:custom":{"lootr:looted_stat":44,"minecraft:interact_with_crafting_table":14,"minecraft:microwave_used":1,"minecraft:leave_game":5,"minecraft:time_since_death":190217,"minecraft:sprint_one_cm":273105,"minecraft:drop":185,"minecraft:talked_to_villager":5,"minecraft:play_time":430777,"minecraft:deaths":5,"minecraft:jump":2505,"minecraft:interact_with_brewingstand":1,"minecraft:walk_on_water_one_cm":16589,"minecraft:interact_with_furnace":2,"minecraft:stove_opened":8,"minecraft:sleep_in_bed":9,"minecraft:damage_dealt":15830,"minecraft:player_kills":4,"minecraft:crouch_one_cm":11628,"minecraft:mob_kills":311,"minecraft:damage_dealt_resisted":394,"minecraft:climb_one_cm":40939,"minecraft:walk_one_cm":1157687,"minecraft:fridge_opened":4,"minecraft:chair_used":1,"minecraft:damage_dealt_absorbed":93,"minecraft:sneak_time":4037,"minecraft:walk_under_water_one_cm":16127,"minecraft:drawer_searched":24,"minecraft:total_world_time":430777,"minecraft:toilet_used":5,"minecraft:tune_noteblock":3,"minecraft:trashcan_opened":4,"minecraft:cabinet_searched":5,"minecraft:time_since_rest":103604,"minecraft:damage_taken":3204,"minecraft:swim_one_cm":4588,"minecraft:fly_one_cm":526493,"minecraft:freezer_opened":11,"minecraft:open_chest":77,"minecraft:fall_one_cm":29783},"minecraft:crafted":{"apocalypsenow:u_sarmy_helmet":2,"minecraft:chest":7,"apocalypsenow:u_sarmy_leggings":2,"apocalypsenow:construction_boots":1,"apocalypsenow:fire_figther_chestplate":1,"minecraft:iron_ingot":9,"minecraft:iron_pickaxe":1,"minecraft:gold_ingot":18,"apocalypsenow:electric_baton":1,"apocalypsenow:fire_figther_leggings":1,"sophisticatedbackpacks:iron_backpack":2,"sophisticatedbackpacks:gold_backpack":2,"apocalypsenow:fire_figther_boots":3,"minecraft:air":430,"apocalypsenow:construction_helmet":1},"minecraft:mined":{"immersiveengineering:capacitor_hv":4,"immersiveengineering:lightning_rod":1,"farmersdelight:rice_bag":3,"embellishcraft:sturdy_steel_door":1,"minecraft:farmland":2,"sophisticatedbackpacks:gold_backpack":2,"farmersdelight:tomato_crate":1,"minecraft:brewing_stand":1,"minecraft:light_gray_bed":3,"buildersdelight:industrial_flat_2":1,"minecraft:spawner":12,"embellishcraft:smooth_basalt":2,"minecraft:smooth_stone":3,"minecraft:fire":4,"minecraft:iron_bars":1,"minecraft:iron_block":20,"create:andesite_bars":1,"create:cogwheel":7,"immersiveengineering:coil_hv":3,"minecraft:cyan_terracotta":12,"farmersdelight:potato_crate":2,"immersiveengineering:metal_barrel":4,"minecraft:clay":8,"apocalypsenow:money_block":7,"minecraft:torch":3,"farmersdelight:cabbage_crate":1,"minecraft:blast_furnace":2,"minecraft:chest":1,"minecraft:cobblestone":5,"createaddition:barbed_wire":21,"minecraft:iron_door":1,"minecraft:wall_torch":8,"quark:light_gray_stool":2,"create:contraption_controls":3,"minecraft:light_gray_stained_glass":2,"farmersdelight:cutting_board":1,"minecraft:wheat":2,"quark:gunpowder_sack":4,"farmersdelight:rice_roll_medley_block":1,"minecraft:smooth_quartz":12,"minecraft:sand":2,"minecraft:dirt":20,"pfm:oak_gray_simple_bed":11,"immersiveengineering:steel_fence":2,"immersiveengineering:conveyor_basic":6,"minecraft:stonecutter":1,"minecraft:emerald_block":6,"pfm:oak_light_gray_simple_bed":6,"embellishcraft:air_duct":8,"simplylight:illuminant_panel":1,"create:large_cogwheel":2,"create:encased_fan":2,"create:shaft":1,"pfm:dark_oak_light_gray_simple_bed":6,"immersivepetroleum:asphalt":1,"create:framed_glass_pane":4,"immersiveengineering:coil_lv":8,"immersiveengineering:steel_slope":9,"minecraft:gold_block":11,"minecraft:vine":2,"embellishcraft:warning_steel_door":1,"immersiveengineering:light_engineering":3,"minecraft:stone":145,"farmersdelight:cooking_pot":2,"minecraft:podzol":3,"immersiveengineering:sheetmetal_iron":34,"minecraft:crafting_table":5,"create:schematic_table":1,"farmersdelight:skillet":1,"embellishcraft:marble_slab":3,"farmersdelight:shepherds_pie_block":2,"create:turntable":2,"embellishcraft:smooth_marble":25,"immersiveengineering:steel_scaffolding_standard":11,"immersiveengineering:tank":1,"farmersdelight:stove":6,"minecraft:cobweb":1,"immersiveengineering:treated_fence":8},"minecraft:killed":{"undead_revamp2:thesmoker":15,"minecraft:zombie_villager":1,"zombiemobs:zombie_fox":1,"minecraft:zombie":199,"zombie_extreme:infected_police":2,"alexsmobs:fly":2,"hordes:zombie_player":2,"undead_revamp2:bomber":8,"minecraft:drowned":3,"zombie_extreme:runner":1,"minecraft:husk":21,"undead_revamp2:the_moonflower":1},"minecraft:dropped":{"apocalypsenow:kitchen_knife":1,"contenttweaker:rubber":4,"minecraft:glass_bottle":14,"tac:round45":65,"apocalypsenow:police_leggings":1,"apocalypsenow:u_sarmy_leggings":1,"minecraft:emerald":1,"sophisticatedbackpacks:gold_backpack":5,"minecraft:cyan_terracotta":3,"minecraft:dirt":2,"quark:light_gray_shard":4,"apocalypsenow:night_stick":2,"apocalypsenow:construction_leggings":9,"solcarrot:food_book":2,"apocalypsenow:construction_helmet":3,"minecraft:sand":130,"tac:m92fs":1,"minecraft:white_wool":3,"apocalypsenow:glassbottle":1,"minecraft:bone":10,"minecraft:compass":1,"create:andesite_bars":3,"apocalypsenow:broken_tv":1,"pfm:dark_wood_kitchen_drawer":4,"apocalypsenow:small_can":3,"minecraft:rotten_flesh":19,"minecraft:oak_planks":1,"apocalypsenow:money":2,"minecraft:glowstone_dust":17,"embellishcraft:sturdy_steel_door":2,"patchouli:guide_book":1,"create:framed_glass_trapdoor":1,"minecraft:leather_boots":2,"tac:ae50":6,"minecraft:podzol":1,"minecraft:egg":5,"apocalypsenow:human_flesh":1,"minecraft:oak_slab":2,"apocalypsenow:police_boots":1,"apocalypsenow:police_helmet":2,"minecraft:wheat_seeds":1,"embellishcraft:spruce_wooden_crate":4,"tac:glock_18":1,"tac:glock_17":1,"minecraft:cobblestone":1,"minecraft:lead":1,"minecraft:spruce_button":2,"quark:gray_shard":11,"minecraft:chainmail_helmet":1,"tac:mk23":2,"tac:m4":1,"apocalypsenow:fire_figther_chestplate":1,"minecraft:torch":56,"minecraft:iron_door":8,"zombie_extreme:wooden_barricades":1,"minecraft:potion":4,"minecraft:string":35,"chalk:blue_chalk":2,"quark:framed_glass_pane":3,"minecraft:bowl":4,"embellishcraft:smooth_marble":12,"farmersdelight:fruit_salad":1,"minecraft:clay_ball":96,"sophisticatedbackpacks:backpack":1,"apocalypsenow:red_football_armor_helmet":1,"apocalypsenow:electric_baton":30,"minecraft:stone_pickaxe":3,"minecraft:wooden_pickaxe":2,"firstaid:plaster":14,"tac:9mm_round":23},"minecraft:killed_by":{"minecraft:zombie":1,"minecraft:player":1},"minecraft:used":{"embellishcraft:sturdy_steel_door":1,"minecraft:chest":17,"embellishcraft:marble_slab":18,"farmersdelight:stove":4,"embellishcraft:air_duct":1,"minecraft:rotten_flesh":3,"apocalypsenow:apple_juice":1,"immersivepetroleum:asphalt":1,"minecraft:milk_bucket":1,"pfm:dark_wood_kitchen_drawer":1,"embellishcraft:smooth_marble":89,"apocalypsenow:coffee":2,"simplylight:illuminant_panel":11,"farmersdelight:vegetable_soup":1,"minecraft:cyan_terracotta":5,"apocalypsenow:beer":1,"minecraft:grass_block":11,"farmersdelight:melon_popsicle":1,"apocalypsenow:money_block":2,"apocalypsenow:combat_knife":60,"farmersdelight:salmon_roll":1,"embellishcraft:spruce_wooden_crate":1,"apocalypsenow:electric_baton":343,"minecraft:oak_planks":1,"minecraft:wooden_pickaxe":7,"quark:gray_framed_glass":3,"minecraft:blast_furnace":2,"embellishcraft:warning_steel_door":2,"minecraft:lightning_rod":7,"minecraft:bread":2,"embellishcraft:steel_wall_ladder":14,"minecraft:iron_door":1,"minecraft:gravel":1,"cfm:oak_upgraded_gate":20,"minecraft:smooth_stone_slab":2,"minecraft:bone_meal":138,"pfm:oak_gray_simple_bed":10,"minecraft:tinted_glass":1,"zombie_extreme:wooden_barricades":1,"minecraft:torch":98,"minecraft:dirt":34,"apocalypsenow:police_leggings":1,"pfm:dark_oak_light_gray_simple_bed":4,"minecraft:iron_hoe":2,"minecraft:iron_axe":42,"carryon:entity_item":2,"easy_villagers:trader":7,"minecraft:smooth_quartz":84,"minecraft:podzol":120,"apocalypsenow:night_stick":101,"sophisticatedbackpacks:gold_backpack":15,"minecraft:wheat_seeds":2,"minecraft:water_bucket":130,"apocalypsenow:wrapped_baseball_bat":17,"minecraft:glass_bottle":20,"pfm:oak_light_gray_simple_bed":7,"minecraft:leather_boots":1,"createaddition:barbed_wire":266,"minecraft:oak_slab":3,"minecraft:crafting_table":6,"apocalypsenow:police_helmet":1,"buildersdelight:industrial_flat_2":1,"minecraft:diamond_pickaxe":265,"farmersdelight:apple_cider":1,"minecraft:diamond_shovel":29,"minecraft:iron_pickaxe":169,"cgm:grenade":2,"minecraft:leather_helmet":1,"immersiveengineering:sheetmetal_iron":1,"minecraft:cobblestone":4,"minecraft:potion":7,"chalk:blue_chalk":64,"minecraft:smooth_stone":3},"minecraft:picked_up":{"tac:mk23":2,"zombie_extreme:wooden_barricades":3,"minecraft:wheat":56,"immersiveengineering:plate_duroplast":2,"embellishcraft:warning_steel_door":2,"minecraft:lead":1,"embellishcraft:steel_wall_ladder":49,"minecraft:potion":76,"apocalypsenow:can_opener":1,"minecraft:brewing_stand":1,"farmersdelight:cutting_board":2,"minecraft:string":301,"minecraft:raw_copper":5,"pfm:oak_gray_simple_bed":12,"farmersdelight:rice_roll_medley_block":1,"create:andesite_bars":3,"immersiveengineering:steel_slope":9,"minecraft:smooth_quartz":12,"create:contraption_controls":3,"simplylight:illuminant_panel":1,"minecraft:stick":9,"farmersdelight:potato_crate":2,"immersiveengineering:connector_hv":2,"embellishcraft:smooth_marble":46,"tac:m4":1,"minecraft:torch":67,"apocalypsenow:glassbottle":1,"chalk:blue_chalk":3,"apocalypsenow:fire_figther_leggings":6,"create:large_cogwheel":2,"farmersdelight:melon_popsicle":2,"farmersdelight:tomato_crate":1,"minecraft:light_gray_bed":2,"minecraft:rotten_flesh":424,"createaddition:barbed_wire":72,"minecraft:iron_block":25,"minecraft:cyan_terracotta":14,"apocalypsenow:kitchen_knife":1,"alexsmobs:emu_egg":1,"pfm:dark_wood_kitchen_drawer":7,"apocalypsenow:police_boots":1,"minecraft:iron_bars":1,"embellishcraft:marble_slab":2,"apocalypsenow:money_block":29,"minecraft:cobblestone":149,"tac:round45":97,"minecraft:iron_door":12,"minecraft:potato":3,"contenttweaker:rubber":6,"immersivepetroleum:asphalt":1,"apocalypsenow:construction_chestplate":3,"farmersdelight:cod_roll":1,"immersiveengineering:sheetmetal_iron":35,"minecraft:dirt":36,"farmersdelight:shepherds_pie_block":2,"minecraft:leather_boots":2,"minecraft:bone":342,"minecraft:stonecutter":1,"apocalypsenow:human_flesh":6,"minecraft:wheat_seeds":103,"apocalypsenow:broken_tv":4,"create:shaft":1,"minecraft:glowstone_dust":17,"tac:9mm_round":89,"apocalypsenow:electric_baton":30,"minecraft:oak_planks":3,"apocalypsenow:red_football_armor_helmet":1,"firstaid:plaster":2,"create:cogwheel":7,"apocalypsenow:small_can":6,"minecraft:sand":2,"immersiveengineering:coil_lv":8,"apocalypsenow:black_motorcycle_helmet_helmet":1,"alexsmobs:animal_dictionary":1,"minecraft:diamond":1,"tac:m92fs":2,"minecraft:emerald":1,"farmersdelight:rice_bag":3,"minecraft:spruce_button":2,"minecraft:chainmail_helmet":1,"alexsmobs:maggot":2,"apocalypsenow:construction_helmet":7,"immersiveengineering:conveyor_basic":6,"pfm:dark_oak_light_gray_simple_bed":4,"pfm:oak_light_gray_simple_bed":8,"biomesoplenty:redwood_log":72,"sophisticatedbackpacks:gold_backpack":7,"minecraft:crafting_table":5,"tac:glock_18":1,"apocalypsenow:fire_figther_boots":6,"minecraft:clay_ball":32,"minecraft:wooden_pickaxe":1,"minecraft:gold_block":11,"apocalypsenow:u_sarmy_helmet":6,"create:schematic_table":1,"quark:gunpowder_sack":4,"minecraft:flint_and_steel":1,"minecraft:iron_shovel":1,"minecraft:compass":1,"immersiveengineering:coil_hv":3,"apocalypsenow:night_stick":2,"apocalypsenow:construction_boots":3,"embellishcraft:sturdy_steel_door":4,"immersiveengineering:treated_fence":8,"minecraft:tinted_glass":1,"minecraft:chest":1,"farmersdelight:kelp_roll_slice":3,"minecraft:egg":3,"farmersdelight:cabbage_crate":1,"farmersdelight:minced_beef":8,"minecraft:bowl":9,"sophisticatedbackpacks:backpack":2,"apocalypsenow:combat_knife":2,"tac:b_magnum":5,"buildersdelight:industrial_flat_2":1,"immersiveengineering:steel_scaffolding_standard":11,"firstaid:bandage":1,"biomesoplenty:redwood_sapling":4,"immersiveengineering:light_engineering":4,"apocalypsenow:fire_figther_chestplate":7,"minecraft:white_wool":3,"immersiveengineering:metal_barrel":4,"create:framed_glass_trapdoor":1,"apocalypsenow:green_bikers_helmet":1,"minecraft:gunpowder":1,"tac:m1911":1,"apocalypsenow:u_sarmy_leggings":4,"apocalypsenow:construction_leggings":13,"farmersdelight:cooking_pot":2,"embellishcraft:spruce_wooden_crate":5,"apocalypsenow:money":5,"farmersdelight:fruit_salad":1,"minecraft:iron_ingot":2,"minecraft:stone_pickaxe":3,"apocalypsenow:fire_figther_helmet":3,"minecraft:glass_bottle":26,"tac:ae50":19,"quark:light_gray_shard":4,"minecraft:oak_slab":4,"minecraft:emerald_block":6,"minecraft:sweet_berries":1,"minecraft:gravel":1,"apocalypsenow:vodka":5,"minecraft:blast_furnace":2,"create:turntable":2,"create:encased_fan":2,"quark:framed_glass_pane":3,"embellishcraft:air_duct":1,"quark:gray_shard":15,"farmersdelight:stove":6,"immersiveengineering:capacitor_hv":4,"quark:gray_framed_glass":3}},"DataVersion":2975}