{"stats":{"minecraft:dropped":{"apocalypsenow:human_flesh":1,"tac:round45":6,"minecraft:cobblestone":1,"apocalypsenow:money":2,"quark:gray_shard":7,"apocalypsenow:u_sarmy_leggings":1,"tac:mk23":1,"patchouli:guide_book":1,"quark:light_gray_shard":4,"create:framed_glass_trapdoor":1,"apocalypsenow:night_stick":2,"solcarrot:food_book":2,"minecraft:stone_pickaxe":1,"minecraft:wooden_pickaxe":2,"tac:9mm_round":12,"firstaid:plaster":4,"minecraft:string":8,"apocalypsenow:glassbottle":1},"minecraft:picked_up":{"tac:round45":6,"tac:mk23":1,"minecraft:crafting_table":2,"minecraft:iron_door":1,"minecraft:wooden_pickaxe":1,"minecraft:potato":1,"create:framed_glass_trapdoor":1,"apocalypsenow:u_sarmy_helmet":2,"minecraft:gold_block":7,"minecraft:potion":12,"minecraft:brewing_stand":1,"apocalypsenow:construction_chestplate":1,"farmersdelight:cutting_board":1,"minecraft:string":65,"minecraft:dirt":6,"farmersdelight:shepherds_pie_block":2,"pfm:oak_gray_simple_bed":5,"apocalypsenow:u_sarmy_leggings":2,"minecraft:bone":82,"apocalypsenow:construction_leggings":3,"farmersdelight:cooking_pot":2,"apocalypsenow:night_stick":2,"apocalypsenow:human_flesh":3,"apocalypsenow:money":2,"minecraft:iron_ingot":1,"minecraft:stone_pickaxe":1,"apocalypsenow:fire_figther_helmet":1,"embellishcraft:sturdy_steel_door":1,"tac:9mm_round":12,"minecraft:oak_planks":1,"quark:light_gray_shard":4,"firstaid:plaster":2,"minecraft:oak_slab":2,"minecraft:stick":2,"farmersdelight:potato_crate":2,"minecraft:emerald_block":3,"farmersdelight:cabbage_crate":1,"farmersdelight:minced_beef":8,"minecraft:torch":3,"apocalypsenow:glassbottle":1,"minecraft:blast_furnace":2,"apocalypsenow:fire_figther_leggings":2,"apocalypsenow:combat_knife":2,"buildersdelight:industrial_flat_2":1,"farmersdelight:melon_popsicle":2,"farmersdelight:tomato_crate":1,"minecraft:rotten_flesh":102,"minecraft:iron_block":9,"minecraft:cyan_terracotta":4,"alexsmobs:maggot":2,"embellishcraft:air_duct":1,"quark:gray_shard":7,"apocalypsenow:construction_helmet":1,"apocalypsenow:money_block":7,"apocalypsenow:fire_figther_chestplate":2,"farmersdelight:stove":4,"quark:gray_framed_glass":3,"minecraft:cobblestone":5},"minecraft:mined":{"farmersdelight:cooking_pot":2,"embellishcraft:air_duct":3,"minecraft:cyan_terracotta":1,"farmersdelight:potato_crate":2,"farmersdelight:tomato_crate":1,"minecraft:brewing_stand":1,"apocalypsenow:money_block":7,"minecraft:torch":1,"minecraft:crafting_table":2,"farmersdelight:cabbage_crate":1,"minecraft:blast_furnace":2,"buildersdelight:industrial_flat_2":1,"quark:light_gray_stool":2,"minecraft:wall_torch":1,"minecraft:spawner":2,"minecraft:smooth_stone":3,"farmersdelight:shepherds_pie_block":2,"create:framed_glass_pane":4,"minecraft:light_gray_stained_glass":2,"farmersdelight:cutting_board":1,"minecraft:gold_block":7,"minecraft:cobweb":1,"pfm:oak_gray_simple_bed":4,"farmersdelight:stove":4,"minecraft:iron_block":5,"minecraft:emerald_block":3},"minecraft:crafted":{"sophisticatedbackpacks:gold_backpack":1,"minecraft:air":9,"minecraft:iron_pickaxe":1,"minecraft:iron_ingot":9,"minecraft:gold_ingot":9,"sophisticatedbackpacks:iron_backpack":1},"minecraft:killed":{"undead_revamp2:thesmoker":2,"minecraft:zombie":32,"zombie_extreme:infected_police":1,"alexsmobs:fly":1},"minecraft:used":{"apocalypsenow:wrapped_baseball_bat":17,"minecraft:glass_bottle":9,"farmersdelight:stove":2,"minecraft:wooden_pickaxe":7,"embellishcraft:air_duct":1,"minecraft:leather_boots":1,"minecraft:torch":7,"minecraft:crafting_table":1,"minecraft:blast_furnace":2,"apocalypsenow:police_leggings":1,"apocalypsenow:police_helmet":1,"buildersdelight:industrial_flat_2":1,"farmersdelight:apple_cider":1,"minecraft:iron_axe":8,"minecraft:bread":2,"minecraft:iron_pickaxe":38,"farmersdelight:melon_popsicle":1,"minecraft:leather_helmet":1,"minecraft:potion":5,"apocalypsenow:combat_knife":60,"apocalypsenow:night_stick":54,"pfm:oak_gray_simple_bed":3},"minecraft:custom":{"lootr:looted_stat":16,"minecraft:mob_kills":30,"minecraft:toilet_used":5,"minecraft:tune_noteblock":3,"minecraft:interact_with_crafting_table":6,"minecraft:microwave_used":1,"minecraft:stove_opened":4,"minecraft:trashcan_opened":3,"minecraft:leave_game":1,"minecraft:time_since_death":29743,"minecraft:sleep_in_bed":3,"minecraft:climb_one_cm":8792,"minecraft:cabinet_searched":1,"minecraft:time_since_rest":9617,"minecraft:sprint_one_cm":181963,"minecraft:damage_taken":1015,"minecraft:walk_one_cm":382575,"minecraft:fridge_opened":4,"minecraft:drop":30,"minecraft:damage_dealt":3103,"minecraft:fly_one_cm":175177,"minecraft:freezer_opened":4,"minecraft:player_kills":1,"minecraft:crouch_one_cm":4767,"minecraft:play_time":126937,"minecraft:deaths":3,"minecraft:sneak_time":1289,"minecraft:interact_with_brewingstand":1,"minecraft:jump":953,"minecraft:drawer_searched":3,"minecraft:walk_on_water_one_cm":857,"minecraft:total_world_time":126937,"minecraft:fall_one_cm":6649},"minecraft:killed_by":{"minecraft:player":1}},"DataVersion":2975}