{"stats":{"minecraft:picked_up":{"sophisticatedbackpacks:gold_backpack":7,"tac:mk23":2,"minecraft:crafting_table":2,"tac:glock_18":1,"apocalypsenow:fire_figther_boots":3,"minecraft:lead":1,"minecraft:wooden_pickaxe":1,"apocalypsenow:u_sarmy_helmet":4,"minecraft:gold_block":11,"minecraft:potion":68,"quark:gunpowder_sack":4,"minecraft:brewing_stand":1,"farmersdelight:cutting_board":1,"minecraft:string":152,"pfm:oak_gray_simple_bed":10,"farmersdelight:rice_roll_medley_block":1,"minecraft:compass":1,"minecraft:iron_shovel":1,"apocalypsenow:night_stick":2,"apocalypsenow:construction_boots":2,"embellishcraft:sturdy_steel_door":1,"minecraft:stick":2,"farmersdelight:potato_crate":2,"tac:m4":1,"embellishcraft:smooth_marble":4,"farmersdelight:cabbage_crate":1,"farmersdelight:minced_beef":8,"minecraft:torch":50,"minecraft:bowl":7,"sophisticatedbackpacks:backpack":2,"apocalypsenow:glassbottle":1,"apocalypsenow:combat_knife":2,"apocalypsenow:fire_figther_leggings":5,"farmersdelight:melon_popsicle":2,"buildersdelight:industrial_flat_2":1,"farmersdelight:tomato_crate":1,"minecraft:light_gray_bed":1,"minecraft:rotten_flesh":190,"createaddition:barbed_wire":18,"minecraft:iron_block":18,"minecraft:cyan_terracotta":11,"apocalypsenow:kitchen_knife":1,"apocalypsenow:police_boots":1,"minecraft:iron_bars":1,"minecraft:cobblestone":5,"apocalypsenow:money_block":7,"apocalypsenow:fire_figther_chestplate":6,"minecraft:white_wool":3,"tac:round45":16,"minecraft:iron_door":12,"minecraft:potato":1,"create:framed_glass_trapdoor":1,"contenttweaker:rubber":4,"immersivepetroleum:asphalt":1,"apocalypsenow:construction_chestplate":3,"farmersdelight:cod_roll":1,"minecraft:dirt":6,"farmersdelight:shepherds_pie_block":2,"minecraft:leather_boots":1,"apocalypsenow:u_sarmy_leggings":4,"minecraft:bone":160,"farmersdelight:cooking_pot":2,"apocalypsenow:construction_leggings":7,"minecraft:stonecutter":1,"apocalypsenow:human_flesh":5,"minecraft:wheat_seeds":1,"apocalypsenow:money":2,"farmersdelight:fruit_salad":1,"minecraft:iron_ingot":1,"minecraft:stone_pickaxe":3,"apocalypsenow:fire_figther_helmet":1,"minecraft:glowstone_dust":17,"minecraft:glass_bottle":21,"tac:9mm_round":37,"minecraft:oak_planks":3,"apocalypsenow:red_football_armor_helmet":1,"quark:light_gray_shard":4,"firstaid:plaster":2,"minecraft:oak_slab":4,"minecraft:emerald_block":6,"minecraft:blast_furnace":2,"tac:m92fs":2,"quark:framed_glass_pane":3,"farmersdelight:rice_bag":3,"embellishcraft:air_duct":1,"alexsmobs:maggot":2,"quark:gray_shard":7,"apocalypsenow:construction_helmet":3,"farmersdelight:stove":4,"quark:gray_framed_glass":3},"minecraft:killed":{"hordes:zombie_player":2,"undead_revamp2:thesmoker":4,"zombie_extreme:runner":1,"minecraft:husk":2,"minecraft:zombie_villager":1,"undead_revamp2:the_moonflower":1,"zombiemobs:zombie_fox":1,"minecraft:zombie":73,"zombie_extreme:infected_police":2,"alexsmobs:fly":2},"minecraft:killed_by":{"minecraft:player":1},"minecraft:crafted":{"apocalypsenow:electric_baton":1,"apocalypsenow:fire_figther_leggings":1,"sophisticatedbackpacks:iron_backpack":2,"apocalypsenow:construction_boots":1,"apocalypsenow:u_sarmy_leggings":1,"sophisticatedbackpacks:gold_backpack":2,"apocalypsenow:fire_figther_boots":1,"minecraft:air":16,"apocalypsenow:fire_figther_chestplate":1,"apocalypsenow:construction_helmet":1,"minecraft:iron_ingot":9,"minecraft:iron_pickaxe":1,"minecraft:gold_ingot":18},"minecraft:custom":{"lootr:looted_stat":25,"minecraft:mob_kills":96,"minecraft:interact_with_crafting_table":8,"minecraft:microwave_used":1,"minecraft:leave_game":2,"minecraft:time_since_death":104499,"minecraft:climb_one_cm":19753,"minecraft:sprint_one_cm":223586,"minecraft:walk_one_cm":555685,"minecraft:fridge_opened":4,"minecraft:drop":95,"minecraft:damage_dealt_absorbed":16,"minecraft:play_time":201693,"minecraft:deaths":3,"minecraft:sneak_time":2278,"minecraft:jump":1443,"minecraft:interact_with_brewingstand":1,"minecraft:drawer_searched":3,"minecraft:walk_on_water_one_cm":1587,"minecraft:total_world_time":201693,"minecraft:toilet_used":5,"minecraft:tune_noteblock":3,"minecraft:stove_opened":4,"minecraft:trashcan_opened":3,"minecraft:sleep_in_bed":7,"minecraft:time_since_rest":12638,"minecraft:cabinet_searched":1,"minecraft:damage_taken":2015,"minecraft:damage_dealt":6615,"minecraft:player_kills":3,"minecraft:fly_one_cm":215921,"minecraft:freezer_opened":5,"minecraft:crouch_one_cm":7745,"minecraft:fall_one_cm":13683},"minecraft:used":{"pfm:oak_gray_simple_bed":10,"farmersdelight:stove":4,"embellishcraft:air_duct":1,"minecraft:rotten_flesh":3,"minecraft:torch":15,"minecraft:dirt":27,"apocalypsenow:apple_juice":1,"apocalypsenow:police_leggings":1,"immersivepetroleum:asphalt":1,"embellishcraft:smooth_marble":4,"apocalypsenow:beer":1,"minecraft:grass_block":11,"minecraft:iron_axe":25,"farmersdelight:melon_popsicle":1,"apocalypsenow:combat_knife":60,"apocalypsenow:night_stick":101,"farmersdelight:salmon_roll":1,"sophisticatedbackpacks:gold_backpack":9,"apocalypsenow:wrapped_baseball_bat":17,"apocalypsenow:electric_baton":53,"minecraft:glass_bottle":20,"minecraft:oak_planks":1,"minecraft:wooden_pickaxe":7,"minecraft:leather_boots":1,"quark:gray_framed_glass":3,"minecraft:oak_slab":3,"minecraft:crafting_table":2,"minecraft:blast_furnace":2,"apocalypsenow:police_helmet":1,"buildersdelight:industrial_flat_2":1,"farmersdelight:apple_cider":1,"minecraft:bread":2,"minecraft:iron_pickaxe":118,"cgm:grenade":2,"minecraft:leather_helmet":1,"minecraft:iron_door":1,"minecraft:potion":7,"minecraft:smooth_stone_slab":2,"cfm:oak_upgraded_gate":20,"minecraft:smooth_stone":3},"minecraft:dropped":{"apocalypsenow:human_flesh":1,"apocalypsenow:kitchen_knife":1,"apocalypsenow:police_boots":1,"minecraft:oak_slab":2,"apocalypsenow:police_helmet":1,"minecraft:wheat_seeds":1,"contenttweaker:rubber":4,"minecraft:glass_bottle":14,"tac:round45":65,"tac:glock_18":1,"tac:glock_17":1,"minecraft:cobblestone":1,"minecraft:lead":1,"apocalypsenow:police_leggings":1,"quark:gray_shard":7,"apocalypsenow:u_sarmy_leggings":1,"tac:mk23":2,"sophisticatedbackpacks:gold_backpack":5,"quark:light_gray_shard":4,"tac:m4":1,"minecraft:torch":47,"apocalypsenow:night_stick":2,"apocalypsenow:construction_leggings":7,"minecraft:iron_door":8,"solcarrot:food_book":2,"minecraft:potion":4,"apocalypsenow:construction_helmet":1,"tac:m92fs":1,"minecraft:string":35,"minecraft:white_wool":3,"apocalypsenow:glassbottle":1,"minecraft:bone":10,"minecraft:compass":1,"quark:framed_glass_pane":3,"minecraft:bowl":4,"farmersdelight:fruit_salad":1,"minecraft:rotten_flesh":16,"minecraft:oak_planks":1,"minecraft:glowstone_dust":17,"apocalypsenow:money":2,"sophisticatedbackpacks:backpack":1,"apocalypsenow:red_football_armor_helmet":1,"patchouli:guide_book":1,"create:framed_glass_trapdoor":1,"minecraft:leather_boots":2,"tac:ae50":6,"minecraft:stone_pickaxe":3,"minecraft:wooden_pickaxe":2,"tac:9mm_round":23,"firstaid:plaster":14},"minecraft:mined":{"farmersdelight:rice_bag":3,"embellishcraft:air_duct":8,"sophisticatedbackpacks:gold_backpack":2,"farmersdelight:tomato_crate":1,"minecraft:brewing_stand":1,"minecraft:light_gray_bed":2,"buildersdelight:industrial_flat_2":1,"minecraft:spawner":10,"embellishcraft:smooth_basalt":2,"minecraft:smooth_stone":3,"immersivepetroleum:asphalt":1,"create:framed_glass_pane":4,"minecraft:fire":3,"minecraft:gold_block":11,"minecraft:vine":1,"minecraft:iron_bars":1,"minecraft:iron_block":13,"farmersdelight:cooking_pot":2,"minecraft:cyan_terracotta":11,"farmersdelight:potato_crate":2,"minecraft:crafting_table":2,"apocalypsenow:money_block":7,"minecraft:torch":2,"farmersdelight:cabbage_crate":1,"minecraft:blast_furnace":2,"createaddition:barbed_wire":18,"minecraft:iron_door":1,"minecraft:wall_torch":1,"quark:light_gray_stool":2,"farmersdelight:skillet":1,"farmersdelight:shepherds_pie_block":2,"minecraft:light_gray_stained_glass":2,"farmersdelight:cutting_board":1,"quark:gunpowder_sack":4,"farmersdelight:rice_roll_medley_block":1,"embellishcraft:smooth_marble":2,"pfm:oak_gray_simple_bed":9,"farmersdelight:stove":4,"minecraft:cobweb":1,"minecraft:stonecutter":1,"minecraft:emerald_block":6}},"DataVersion":2975}