{"stats":{"minecraft:dropped":{"apocalypsenow:human_flesh":1,"apocalypsenow:kitchen_knife":1,"apocalypsenow:police_boots":1,"minecraft:oak_slab":2,"minecraft:wheat_seeds":1,"contenttweaker:rubber":4,"minecraft:glass_bottle":14,"tac:round45":14,"minecraft:cobblestone":1,"minecraft:lead":1,"quark:gray_shard":7,"apocalypsenow:u_sarmy_leggings":1,"tac:mk23":2,"sophisticatedbackpacks:gold_backpack":5,"quark:light_gray_shard":4,"minecraft:torch":47,"apocalypsenow:night_stick":2,"apocalypsenow:construction_leggings":5,"minecraft:iron_door":8,"solcarrot:food_book":2,"minecraft:potion":4,"apocalypsenow:construction_helmet":1,"minecraft:string":35,"minecraft:white_wool":3,"apocalypsenow:glassbottle":1,"minecraft:bone":10,"minecraft:compass":1,"quark:framed_glass_pane":3,"minecraft:bowl":4,"farmersdelight:fruit_salad":1,"minecraft:rotten_flesh":16,"minecraft:oak_planks":1,"sophisticatedbackpacks:backpack":1,"minecraft:glowstone_dust":17,"apocalypsenow:money":2,"patchouli:guide_book":1,"create:framed_glass_trapdoor":1,"minecraft:leather_boots":1,"minecraft:stone_pickaxe":3,"minecraft:wooden_pickaxe":2,"firstaid:plaster":4,"tac:9mm_round":23},"minecraft:mined":{"embellishcraft:air_duct":3,"sophisticatedbackpacks:gold_backpack":2,"farmersdelight:tomato_crate":1,"minecraft:brewing_stand":1,"buildersdelight:industrial_flat_2":1,"minecraft:spawner":2,"minecraft:smooth_stone":3,"immersivepetroleum:asphalt":1,"create:framed_glass_pane":4,"minecraft:fire":3,"minecraft:gold_block":7,"minecraft:vine":1,"minecraft:iron_block":5,"farmersdelight:cooking_pot":2,"minecraft:cyan_terracotta":2,"farmersdelight:potato_crate":2,"minecraft:crafting_table":2,"apocalypsenow:money_block":7,"minecraft:torch":1,"farmersdelight:cabbage_crate":1,"minecraft:blast_furnace":2,"minecraft:iron_door":1,"minecraft:wall_torch":1,"quark:light_gray_stool":2,"farmersdelight:shepherds_pie_block":2,"minecraft:light_gray_stained_glass":2,"farmersdelight:cutting_board":1,"pfm:oak_gray_simple_bed":9,"farmersdelight:stove":4,"minecraft:cobweb":1,"minecraft:emerald_block":3},"minecraft:picked_up":{"sophisticatedbackpacks:gold_backpack":7,"tac:mk23":2,"minecraft:crafting_table":2,"apocalypsenow:fire_figther_boots":3,"minecraft:lead":1,"minecraft:wooden_pickaxe":1,"minecraft:potion":68,"minecraft:gold_block":7,"apocalypsenow:u_sarmy_helmet":2,"minecraft:brewing_stand":1,"farmersdelight:cutting_board":1,"minecraft:string":94,"pfm:oak_gray_simple_bed":10,"minecraft:compass":1,"apocalypsenow:night_stick":2,"embellishcraft:sturdy_steel_door":1,"minecraft:stick":2,"farmersdelight:potato_crate":2,"farmersdelight:cabbage_crate":1,"farmersdelight:minced_beef":8,"minecraft:torch":48,"minecraft:bowl":6,"sophisticatedbackpacks:backpack":2,"apocalypsenow:glassbottle":1,"apocalypsenow:combat_knife":2,"apocalypsenow:fire_figther_leggings":2,"farmersdelight:melon_popsicle":2,"buildersdelight:industrial_flat_2":1,"farmersdelight:tomato_crate":1,"minecraft:rotten_flesh":121,"minecraft:iron_block":9,"minecraft:cyan_terracotta":5,"apocalypsenow:kitchen_knife":1,"apocalypsenow:police_boots":1,"apocalypsenow:fire_figther_chestplate":2,"apocalypsenow:money_block":7,"minecraft:white_wool":3,"minecraft:cobblestone":5,"tac:round45":6,"minecraft:iron_door":12,"create:framed_glass_trapdoor":1,"minecraft:potato":1,"contenttweaker:rubber":4,"immersivepetroleum:asphalt":1,"apocalypsenow:construction_chestplate":2,"minecraft:dirt":6,"farmersdelight:shepherds_pie_block":2,"apocalypsenow:u_sarmy_leggings":2,"minecraft:bone":94,"apocalypsenow:construction_leggings":6,"farmersdelight:cooking_pot":2,"apocalypsenow:human_flesh":3,"minecraft:wheat_seeds":1,"apocalypsenow:money":2,"farmersdelight:fruit_salad":1,"minecraft:iron_ingot":1,"minecraft:stone_pickaxe":3,"apocalypsenow:fire_figther_helmet":1,"tac:9mm_round":24,"minecraft:glass_bottle":21,"minecraft:glowstone_dust":17,"minecraft:oak_planks":3,"quark:light_gray_shard":4,"minecraft:oak_slab":4,"firstaid:plaster":2,"minecraft:emerald_block":3,"minecraft:blast_furnace":2,"quark:framed_glass_pane":3,"embellishcraft:air_duct":1,"alexsmobs:maggot":2,"quark:gray_shard":7,"apocalypsenow:construction_helmet":1,"farmersdelight:stove":4,"quark:gray_framed_glass":3},"minecraft:crafted":{"sophisticatedbackpacks:iron_backpack":2,"sophisticatedbackpacks:gold_backpack":2,"minecraft:air":10,"minecraft:iron_ingot":9,"minecraft:iron_pickaxe":1,"minecraft:gold_ingot":18},"minecraft:killed":{"hordes:zombie_player":1,"undead_revamp2:thesmoker":4,"zombie_extreme:runner":1,"minecraft:husk":1,"minecraft:zombie_villager":1,"zombiemobs:zombie_fox":1,"minecraft:zombie":45,"zombie_extreme:infected_police":1,"alexsmobs:fly":1},"minecraft:custom":{"lootr:looted_stat":18,"minecraft:mob_kills":48,"minecraft:interact_with_crafting_table":8,"minecraft:microwave_used":1,"minecraft:leave_game":1,"minecraft:time_since_death":65743,"minecraft:climb_one_cm":14974,"minecraft:sprint_one_cm":215660,"minecraft:walk_one_cm":455546,"minecraft:drop":78,"minecraft:fridge_opened":4,"minecraft:play_time":162937,"minecraft:deaths":3,"minecraft:sneak_time":1563,"minecraft:jump":1239,"minecraft:interact_with_brewingstand":1,"minecraft:drawer_searched":3,"minecraft:walk_on_water_one_cm":857,"minecraft:total_world_time":162937,"minecraft:toilet_used":5,"minecraft:tune_noteblock":3,"minecraft:stove_opened":4,"minecraft:trashcan_opened":3,"minecraft:sleep_in_bed":5,"minecraft:time_since_rest":17167,"minecraft:cabinet_searched":1,"minecraft:damage_taken":1385,"minecraft:damage_dealt":4772,"minecraft:player_kills":2,"minecraft:freezer_opened":4,"minecraft:fly_one_cm":206945,"minecraft:crouch_one_cm":5344,"minecraft:fall_one_cm":11817},"minecraft:used":{"pfm:oak_gray_simple_bed":9,"farmersdelight:stove":4,"embellishcraft:air_duct":1,"minecraft:rotten_flesh":3,"minecraft:torch":10,"apocalypsenow:apple_juice":1,"apocalypsenow:police_leggings":1,"immersivepetroleum:asphalt":1,"apocalypsenow:beer":1,"minecraft:iron_axe":20,"farmersdelight:melon_popsicle":1,"apocalypsenow:combat_knife":60,"apocalypsenow:night_stick":100,"sophisticatedbackpacks:gold_backpack":5,"apocalypsenow:wrapped_baseball_bat":17,"minecraft:glass_bottle":20,"minecraft:oak_planks":1,"minecraft:wooden_pickaxe":7,"minecraft:leather_boots":1,"quark:gray_framed_glass":3,"minecraft:oak_slab":2,"minecraft:crafting_table":2,"minecraft:blast_furnace":2,"apocalypsenow:police_helmet":1,"buildersdelight:industrial_flat_2":1,"farmersdelight:apple_cider":1,"minecraft:bread":2,"minecraft:iron_pickaxe":45,"minecraft:leather_helmet":1,"minecraft:iron_door":1,"minecraft:potion":7},"minecraft:killed_by":{"minecraft:player":1}},"DataVersion":2975}