{"stats":{"minecraft:used":{"pfm:oak_gray_simple_bed":10,"embellishcraft:sturdy_steel_door":1,"minecraft:chest":7,"farmersdelight:stove":4,"minecraft:tinted_glass":1,"embellishcraft:air_duct":1,"minecraft:rotten_flesh":3,"zombie_extreme:wooden_barricades":1,"minecraft:torch":91,"minecraft:dirt":29,"apocalypsenow:apple_juice":1,"apocalypsenow:police_leggings":1,"immersivepetroleum:asphalt":1,"minecraft:milk_bucket":1,"pfm:dark_wood_kitchen_drawer":1,"embellishcraft:smooth_marble":11,"apocalypsenow:beer":1,"farmersdelight:vegetable_soup":1,"minecraft:iron_axe":39,"minecraft:grass_block":11,"farmersdelight:melon_popsicle":1,"minecraft:podzol":120,"apocalypsenow:combat_knife":60,"apocalypsenow:night_stick":101,"farmersdelight:salmon_roll":1,"sophisticatedbackpacks:gold_backpack":15,"embellishcraft:spruce_wooden_crate":1,"minecraft:water_bucket":130,"apocalypsenow:wrapped_baseball_bat":17,"apocalypsenow:electric_baton":342,"minecraft:glass_bottle":20,"minecraft:oak_planks":1,"pfm:oak_light_gray_simple_bed":5,"minecraft:wooden_pickaxe":7,"minecraft:leather_boots":1,"createaddition:barbed_wire":263,"quark:gray_framed_glass":3,"minecraft:oak_slab":3,"minecraft:crafting_table":4,"minecraft:blast_furnace":2,"apocalypsenow:police_helmet":1,"minecraft:diamond_pickaxe":71,"buildersdelight:industrial_flat_2":1,"farmersdelight:apple_cider":1,"minecraft:bread":2,"minecraft:iron_pickaxe":169,"cgm:grenade":2,"minecraft:leather_helmet":1,"minecraft:iron_door":1,"immersiveengineering:sheetmetal_iron":1,"minecraft:potion":7,"chalk:blue_chalk":64,"cfm:oak_upgraded_gate":20,"minecraft:smooth_stone_slab":2,"minecraft:smooth_stone":3},"minecraft:crafted":{"apocalypsenow:electric_baton":1,"minecraft:chest":7,"apocalypsenow:fire_figther_leggings":1,"sophisticatedbackpacks:iron_backpack":2,"apocalypsenow:u_sarmy_leggings":1,"apocalypsenow:construction_boots":1,"sophisticatedbackpacks:gold_backpack":2,"apocalypsenow:fire_figther_boots":3,"minecraft:air":274,"apocalypsenow:fire_figther_chestplate":1,"apocalypsenow:construction_helmet":1,"minecraft:iron_ingot":9,"minecraft:iron_pickaxe":1,"minecraft:gold_ingot":18},"minecraft:killed_by":{"minecraft:player":1,"minecraft:zombie":1},"minecraft:custom":{"lootr:looted_stat":44,"minecraft:mob_kills":205,"minecraft:interact_with_crafting_table":9,"minecraft:microwave_used":1,"minecraft:damage_dealt_resisted":73,"minecraft:leave_game":3,"minecraft:time_since_death":72533,"minecraft:climb_one_cm":24115,"minecraft:sprint_one_cm":254110,"minecraft:walk_one_cm":928175,"minecraft:fridge_opened":4,"minecraft:drop":179,"minecraft:chair_used":1,"minecraft:damage_dealt_absorbed":93,"minecraft:play_time":313093,"minecraft:sneak_time":2928,"minecraft:deaths":5,"minecraft:walk_under_water_one_cm":1288,"minecraft:jump":1883,"minecraft:interact_with_brewingstand":1,"minecraft:drawer_searched":24,"minecraft:walk_on_water_one_cm":7151,"minecraft:total_world_time":313093,"minecraft:toilet_used":5,"minecraft:tune_noteblock":3,"minecraft:stove_opened":8,"minecraft:trashcan_opened":4,"minecraft:sleep_in_bed":8,"minecraft:time_since_rest":33380,"minecraft:cabinet_searched":5,"minecraft:damage_taken":3014,"minecraft:damage_dealt":15774,"minecraft:player_kills":4,"minecraft:freezer_opened":11,"minecraft:fly_one_cm":476621,"minecraft:open_chest":2,"minecraft:crouch_one_cm":9098,"minecraft:fall_one_cm":22626},"minecraft:picked_up":{"sophisticatedbackpacks:gold_backpack":7,"tac:mk23":2,"zombie_extreme:wooden_barricades":3,"minecraft:crafting_table":4,"apocalypsenow:fire_figther_boots":6,"tac:glock_18":1,"immersiveengineering:plate_duroplast":2,"minecraft:lead":1,"minecraft:wooden_pickaxe":1,"minecraft:gold_block":11,"apocalypsenow:u_sarmy_helmet":6,"minecraft:potion":76,"apocalypsenow:can_opener":1,"create:schematic_table":1,"quark:gunpowder_sack":4,"minecraft:brewing_stand":1,"farmersdelight:cutting_board":2,"minecraft:string":288,"minecraft:flint_and_steel":1,"pfm:oak_gray_simple_bed":12,"minecraft:compass":1,"farmersdelight:rice_roll_medley_block":1,"create:andesite_bars":3,"minecraft:iron_shovel":1,"immersiveengineering:coil_hv":3,"apocalypsenow:night_stick":2,"immersiveengineering:steel_slope":9,"apocalypsenow:construction_boots":3,"embellishcraft:sturdy_steel_door":4,"immersiveengineering:treated_fence":8,"create:contraption_controls":3,"minecraft:tinted_glass":1,"farmersdelight:kelp_roll_slice":3,"minecraft:egg":3,"minecraft:stick":2,"farmersdelight:potato_crate":2,"immersiveengineering:connector_hv":2,"embellishcraft:smooth_marble":24,"farmersdelight:cabbage_crate":1,"tac:m4":1,"farmersdelight:minced_beef":8,"minecraft:torch":66,"minecraft:bowl":7,"sophisticatedbackpacks:backpack":2,"apocalypsenow:glassbottle":1,"chalk:blue_chalk":3,"apocalypsenow:combat_knife":2,"apocalypsenow:fire_figther_leggings":6,"create:large_cogwheel":2,"farmersdelight:melon_popsicle":2,"buildersdelight:industrial_flat_2":1,"farmersdelight:tomato_crate":1,"immersiveengineering:steel_scaffolding_standard":11,"minecraft:light_gray_bed":2,"minecraft:rotten_flesh":414,"createaddition:barbed_wire":69,"minecraft:iron_block":25,"minecraft:cyan_terracotta":14,"apocalypsenow:kitchen_knife":1,"alexsmobs:emu_egg":1,"pfm:dark_wood_kitchen_drawer":7,"apocalypsenow:police_boots":1,"apocalypsenow:fire_figther_chestplate":7,"immersiveengineering:light_engineering":4,"minecraft:iron_bars":1,"apocalypsenow:money_block":28,"minecraft:white_wool":3,"minecraft:cobblestone":5,"immersiveengineering:metal_barrel":4,"tac:round45":81,"minecraft:iron_door":12,"create:framed_glass_trapdoor":1,"minecraft:potato":2,"contenttweaker:rubber":6,"immersivepetroleum:asphalt":1,"minecraft:gunpowder":1,"apocalypsenow:construction_chestplate":3,"farmersdelight:cod_roll":1,"immersiveengineering:sheetmetal_iron":35,"minecraft:dirt":18,"farmersdelight:shepherds_pie_block":2,"tac:m1911":1,"minecraft:leather_boots":2,"apocalypsenow:u_sarmy_leggings":4,"minecraft:bone":296,"farmersdelight:cooking_pot":2,"apocalypsenow:construction_leggings":13,"minecraft:stonecutter":1,"minecraft:wheat_seeds":3,"apocalypsenow:human_flesh":6,"apocalypsenow:broken_tv":4,"apocalypsenow:money":5,"embellishcraft:spruce_wooden_crate":5,"farmersdelight:fruit_salad":1,"minecraft:iron_ingot":2,"minecraft:stone_pickaxe":3,"create:shaft":1,"apocalypsenow:fire_figther_helmet":3,"tac:9mm_round":87,"minecraft:glass_bottle":26,"minecraft:glowstone_dust":17,"apocalypsenow:electric_baton":30,"minecraft:oak_planks":3,"apocalypsenow:red_football_armor_helmet":1,"quark:light_gray_shard":4,"firstaid:plaster":2,"minecraft:oak_slab":4,"minecraft:emerald_block":6,"minecraft:sweet_berries":1,"apocalypsenow:small_can":6,"create:cogwheel":7,"apocalypsenow:vodka":5,"apocalypsenow:black_motorcycle_helmet_helmet":1,"immersiveengineering:coil_lv":8,"minecraft:blast_furnace":2,"create:turntable":2,"alexsmobs:animal_dictionary":1,"minecraft:diamond":1,"tac:m92fs":2,"create:encased_fan":2,"quark:framed_glass_pane":3,"farmersdelight:rice_bag":3,"minecraft:spruce_button":2,"minecraft:chainmail_helmet":1,"embellishcraft:air_duct":1,"alexsmobs:maggot":2,"quark:gray_shard":15,"apocalypsenow:construction_helmet":7,"farmersdelight:stove":6,"immersiveengineering:capacitor_hv":4,"immersiveengineering:conveyor_basic":6,"quark:gray_framed_glass":3,"pfm:oak_light_gray_simple_bed":7},"minecraft:dropped":{"apocalypsenow:human_flesh":1,"apocalypsenow:kitchen_knife":1,"apocalypsenow:police_boots":1,"minecraft:oak_slab":2,"apocalypsenow:police_helmet":2,"minecraft:wheat_seeds":1,"contenttweaker:rubber":4,"embellishcraft:spruce_wooden_crate":4,"minecraft:glass_bottle":14,"tac:round45":65,"tac:glock_18":1,"tac:glock_17":1,"minecraft:cobblestone":1,"minecraft:lead":1,"apocalypsenow:police_leggings":1,"minecraft:spruce_button":2,"quark:gray_shard":11,"minecraft:chainmail_helmet":1,"apocalypsenow:u_sarmy_leggings":1,"tac:mk23":2,"sophisticatedbackpacks:gold_backpack":5,"minecraft:cyan_terracotta":3,"minecraft:dirt":2,"quark:light_gray_shard":4,"tac:m4":1,"apocalypsenow:fire_figther_chestplate":1,"apocalypsenow:night_stick":2,"apocalypsenow:construction_leggings":9,"minecraft:torch":56,"zombie_extreme:wooden_barricades":1,"minecraft:iron_door":8,"solcarrot:food_book":2,"minecraft:potion":4,"apocalypsenow:construction_helmet":3,"tac:m92fs":1,"minecraft:string":35,"minecraft:white_wool":3,"apocalypsenow:glassbottle":1,"chalk:blue_chalk":2,"minecraft:bone":10,"minecraft:compass":1,"create:andesite_bars":3,"apocalypsenow:broken_tv":1,"pfm:dark_wood_kitchen_drawer":4,"quark:framed_glass_pane":3,"apocalypsenow:small_can":3,"minecraft:bowl":4,"embellishcraft:smooth_marble":12,"farmersdelight:fruit_salad":1,"minecraft:rotten_flesh":19,"minecraft:oak_planks":1,"embellishcraft:sturdy_steel_door":2,"minecraft:glowstone_dust":17,"apocalypsenow:money":2,"sophisticatedbackpacks:backpack":1,"apocalypsenow:red_football_armor_helmet":1,"patchouli:guide_book":1,"create:framed_glass_trapdoor":1,"minecraft:leather_boots":2,"tac:ae50":6,"apocalypsenow:electric_baton":30,"minecraft:podzol":1,"minecraft:stone_pickaxe":3,"minecraft:wooden_pickaxe":2,"tac:9mm_round":23,"firstaid:plaster":14,"minecraft:egg":5},"minecraft:mined":{"immersiveengineering:capacitor_hv":4,"pfm:oak_light_gray_simple_bed":5,"immersiveengineering:lightning_rod":1,"farmersdelight:rice_bag":3,"embellishcraft:sturdy_steel_door":1,"embellishcraft:air_duct":8,"sophisticatedbackpacks:gold_backpack":2,"farmersdelight:tomato_crate":1,"minecraft:brewing_stand":1,"create:large_cogwheel":2,"minecraft:light_gray_bed":3,"create:encased_fan":2,"buildersdelight:industrial_flat_2":1,"minecraft:spawner":12,"embellishcraft:smooth_basalt":2,"minecraft:smooth_stone":3,"create:shaft":1,"immersivepetroleum:asphalt":1,"create:framed_glass_pane":4,"immersiveengineering:coil_lv":8,"minecraft:fire":3,"immersiveengineering:steel_slope":9,"minecraft:gold_block":11,"minecraft:vine":2,"minecraft:iron_bars":1,"immersiveengineering:light_engineering":3,"minecraft:iron_block":20,"farmersdelight:cooking_pot":2,"create:andesite_bars":1,"create:cogwheel":7,"minecraft:cyan_terracotta":12,"immersiveengineering:coil_hv":3,"immersiveengineering:sheetmetal_iron":34,"farmersdelight:potato_crate":2,"immersiveengineering:metal_barrel":4,"apocalypsenow:money_block":7,"minecraft:crafting_table":4,"minecraft:torch":3,"farmersdelight:cabbage_crate":1,"minecraft:blast_furnace":2,"minecraft:iron_door":1,"createaddition:barbed_wire":18,"quark:light_gray_stool":2,"minecraft:wall_torch":6,"create:contraption_controls":3,"create:schematic_table":1,"farmersdelight:skillet":1,"farmersdelight:shepherds_pie_block":2,"minecraft:light_gray_stained_glass":2,"farmersdelight:cutting_board":1,"quark:gunpowder_sack":4,"create:turntable":2,"farmersdelight:rice_roll_medley_block":1,"embellishcraft:smooth_marble":4,"immersiveengineering:steel_scaffolding_standard":11,"immersiveengineering:tank":1,"minecraft:dirt":1,"immersiveengineering:steel_fence":2,"pfm:oak_gray_simple_bed":11,"minecraft:cobweb":1,"farmersdelight:stove":6,"immersiveengineering:conveyor_basic":6,"minecraft:stonecutter":1,"immersiveengineering:treated_fence":8,"minecraft:emerald_block":6},"minecraft:killed":{"hordes:zombie_player":2,"undead_revamp2:thesmoker":4,"zombie_extreme:runner":1,"minecraft:husk":4,"minecraft:zombie_villager":1,"undead_revamp2:the_moonflower":1,"zombiemobs:zombie_fox":1,"minecraft:zombie":167,"zombie_extreme:infected_police":2,"alexsmobs:fly":2}},"DataVersion":2975}