{"stats":{"minecraft:killed":{"undead_revamp2:thesmoker":2,"minecraft:zombie":13},"minecraft:used":{"apocalypsenow:wrapped_baseball_bat":17,"minecraft:glass_bottle":9,"farmersdelight:stove":2,"minecraft:wooden_pickaxe":7,"minecraft:leather_boots":1,"minecraft:crafting_table":1,"minecraft:blast_furnace":2,"apocalypsenow:police_leggings":1,"apocalypsenow:police_helmet":1,"farmersdelight:apple_cider":1,"minecraft:iron_axe":1,"minecraft:bread":2,"minecraft:iron_pickaxe":12,"farmersdelight:melon_popsicle":1,"minecraft:leather_helmet":1,"minecraft:potion":5,"apocalypsenow:combat_knife":14},"minecraft:dropped":{"apocalypsenow:human_flesh":1,"minecraft:cobblestone":1,"apocalypsenow:money":2,"tac:mk23":1,"patchouli:guide_book":1,"create:framed_glass_trapdoor":1,"solcarrot:food_book":2,"minecraft:stone_pickaxe":1,"minecraft:wooden_pickaxe":2,"firstaid:plaster":4},"minecraft:mined":{"farmersdelight:cooking_pot":2,"minecraft:crafting_table":2,"minecraft:blast_furnace":2,"farmersdelight:shepherds_pie_block":2,"create:framed_glass_pane":4,"minecraft:gold_block":4,"farmersdelight:stove":4,"minecraft:iron_block":2,"minecraft:emerald_block":3},"minecraft:custom":{"lootr:looted_stat":7,"minecraft:mob_kills":15,"minecraft:toilet_used":5,"minecraft:interact_with_crafting_table":6,"minecraft:stove_opened":3,"minecraft:trashcan_opened":2,"minecraft:leave_game":1,"minecraft:time_since_death":18704,"minecraft:sleep_in_bed":1,"minecraft:climb_one_cm":7069,"minecraft:time_since_rest":18749,"minecraft:sprint_one_cm":172957,"minecraft:damage_taken":666,"minecraft:walk_one_cm":253017,"minecraft:drop":16,"minecraft:damage_dealt":1016,"minecraft:fly_one_cm":166907,"minecraft:freezer_opened":3,"minecraft:player_kills":1,"minecraft:crouch_one_cm":3948,"minecraft:play_time":90479,"minecraft:deaths":2,"minecraft:sneak_time":954,"minecraft:jump":714,"minecraft:drawer_searched":3,"minecraft:walk_on_water_one_cm":857,"minecraft:total_world_time":90479,"minecraft:fall_one_cm":3148},"minecraft:crafted":{"sophisticatedbackpacks:gold_backpack":1,"minecraft:air":9,"minecraft:iron_ingot":9,"minecraft:iron_pickaxe":1,"minecraft:gold_ingot":9,"sophisticatedbackpacks:iron_backpack":1},"minecraft:picked_up":{"tac:mk23":1,"minecraft:crafting_table":2,"minecraft:wooden_pickaxe":1,"create:framed_glass_trapdoor":1,"minecraft:gold_block":4,"minecraft:potion":12,"minecraft:dirt":6,"minecraft:string":20,"farmersdelight:shepherds_pie_block":2,"minecraft:bone":22,"farmersdelight:cooking_pot":2,"apocalypsenow:human_flesh":3,"apocalypsenow:money":1,"minecraft:stone_pickaxe":1,"minecraft:oak_planks":1,"minecraft:oak_slab":2,"firstaid:plaster":2,"minecraft:stick":2,"minecraft:emerald_block":3,"minecraft:blast_furnace":2,"farmersdelight:melon_popsicle":2,"minecraft:rotten_flesh":30,"minecraft:iron_block":6,"farmersdelight:stove":4,"minecraft:cobblestone":5}},"DataVersion":2975}