{"stats":{"minecraft:custom":{"lootr:looted_stat":54,"minecraft:interact_with_crafting_table":16,"minecraft:microwave_used":1,"minecraft:leave_game":5,"minecraft:time_since_death":73738,"minecraft:sprint_one_cm":456677,"minecraft:drop":208,"minecraft:talked_to_villager":10,"minecraft:play_time":568777,"minecraft:deaths":9,"minecraft:jump":3203,"minecraft:interact_with_brewingstand":2,"minecraft:walk_on_water_one_cm":18350,"minecraft:interact_with_furnace":2,"minecraft:traded_with_villager":349,"minecraft:stove_opened":9,"minecraft:sleep_in_bed":11,"minecraft:damage_dealt":16183,"minecraft:player_kills":4,"minecraft:crouch_one_cm":12932,"minecraft:mob_kills":409,"minecraft:damage_dealt_resisted":414,"minecraft:climb_one_cm":65928,"minecraft:walk_one_cm":1494137,"minecraft:fridge_opened":6,"minecraft:chair_used":1,"minecraft:damage_dealt_absorbed":93,"minecraft:sneak_time":4996,"minecraft:walk_under_water_one_cm":17328,"minecraft:drawer_searched":64,"minecraft:total_world_time":568777,"minecraft:toilet_used":5,"minecraft:tune_noteblock":3,"minecraft:trashcan_opened":4,"minecraft:cabinet_searched":5,"minecraft:time_since_rest":73766,"minecraft:damage_taken":4744,"minecraft:swim_one_cm":10337,"minecraft:fly_one_cm":631327,"minecraft:freezer_opened":14,"minecraft:open_chest":108,"minecraft:fall_one_cm":35856},"minecraft:crafted":{"tac:mk23":2,"tac:m4":2,"explorerscompass:explorerscompass":1,"farmersdelight:bacon_sandwich":16,"tac:ae50":40,"apocalypsenow:u_sarmy_helmet":2,"minecraft:chest":7,"immersiveengineering:ingot_steel":12,"immersiveengineering:ingot_aluminum":12,"car:car_workshop_outter":16,"tac:m92fs":2,"apocalypsenow:medicalkit":6,"immersiveengineering:wire_copper":64,"apocalypsenow:u_sarmy_leggings":2,"apocalypsenow:construction_boots":1,"apocalypsenow:fire_figther_chestplate":1,"minecraft:paper":256,"camera:camera":4,"minecraft:compass":4,"minecraft:iron_ingot":9,"minecraft:iron_pickaxe":1,"minecraft:gold_ingot":18,"tac:762x39":384,"immersiveengineering:survey_tools":8,"farmersdelight:mutton_wrap":16,"minecraft:spyglass":4,"immersiveengineering:stick_iron":5,"apocalypsenow:electric_baton":1,"car:canister":16,"tac:round45":384,"tac:nato_556_bullet":384,"apocalypsenow:fire_figther_leggings":1,"sophisticatedbackpacks:iron_backpack":2,"tac:58x42":96,"sophisticatedbackpacks:gold_backpack":2,"immersiveengineering:sample_drill":7,"apocalypsenow:fire_figther_boots":3,"immersiveengineering:blueprint":1,"tac:9mm_round":384,"minecraft:air":432,"cold_sweat:thermometer":1,"apocalypsenow:construction_helmet":1,"tac:micro_uzi":1,"immersiveengineering:plate_iron":16,"apocalypsenow:money":24},"minecraft:mined":{"immersiveengineering:capacitor_hv":4,"immersiveengineering:lightning_rod":1,"farmersdelight:rice_bag":3,"embellishcraft:sturdy_steel_door":1,"minecraft:farmland":2,"farmersdelight:roast_chicken_block":1,"sophisticatedbackpacks:gold_backpack":2,"farmersdelight:tomato_crate":1,"minecraft:brewing_stand":1,"minecraft:light_gray_bed":3,"zombie_extreme:shelf":1,"buildersdelight:industrial_flat_2":1,"minecraft:spawner":18,"embellishcraft:smooth_basalt":2,"minecraft:smooth_stone":5,"minecraft:fire":6,"pfm:white_fridge":2,"minecraft:iron_bars":3,"minecraft:iron_block":20,"create:andesite_bars":1,"create:cogwheel":7,"immersiveengineering:coil_hv":3,"minecraft:cyan_terracotta":12,"farmersdelight:potato_crate":2,"immersiveengineering:metal_barrel":4,"minecraft:clay":8,"apocalypsenow:money_block":7,"minecraft:torch":3,"farmersdelight:cabbage_crate":1,"minecraft:blast_furnace":2,"minecraft:chest":1,"minecraft:cobblestone":5,"refinedstorage:disk_drive":4,"createaddition:barbed_wire":21,"minecraft:iron_door":1,"minecraft:wall_torch":8,"quark:light_gray_stool":2,"create:contraption_controls":3,"minecraft:light_gray_stained_glass":2,"farmersdelight:cutting_board":1,"minecraft:wheat":2,"quark:gunpowder_sack":4,"farmersdelight:rice_roll_medley_block":1,"minecraft:grass":1,"minecraft:smooth_quartz":12,"minecraft:sand":2,"minecraft:dirt":20,"pfm:oak_gray_simple_bed":11,"immersiveengineering:steel_fence":2,"simplylight:illuminant_block":1,"immersiveengineering:conveyor_basic":6,"minecraft:stonecutter":1,"minecraft:emerald_block":6,"pfm:oak_light_gray_simple_bed":6,"embellishcraft:air_duct":8,"simplylight:illuminant_panel":1,"create:large_cogwheel":2,"create:encased_fan":2,"create:shaft":1,"pfm:dark_oak_light_gray_simple_bed":6,"immersivepetroleum:asphalt":1,"minecraft:furnace":1,"create:framed_glass_pane":4,"immersiveengineering:coil_lv":8,"immersiveengineering:capacitor_mv":1,"immersiveengineering:steel_slope":9,"minecraft:gold_block":11,"minecraft:vine":2,"embellishcraft:warning_steel_door":1,"immersiveengineering:light_engineering":4,"minecraft:stone":147,"farmersdelight:cooking_pot":3,"minecraft:podzol":3,"pfm:white_freezer":2,"immersiveengineering:sheetmetal_iron":34,"minecraft:crafting_table":5,"pfm:gray_stove":1,"create:schematic_table":1,"farmersdelight:skillet":1,"farmersdelight:stuffed_pumpkin_block":1,"embellishcraft:marble_slab":3,"farmersdelight:shepherds_pie_block":3,"create:turntable":2,"embellishcraft:smooth_marble":26,"immersiveengineering:steel_scaffolding_standard":11,"immersiveengineering:tank":1,"farmersdelight:stove":6,"minecraft:cobweb":1,"immersiveengineering:treated_fence":8},"minecraft:killed":{"undead_revamp2:thesmoker":18,"undead_revamp2:thepregnant":1,"minecraft:zombie_villager":1,"zombiemobs:zombie_fox":1,"minecraft:zombie":234,"zombie_extreme:infected_police":3,"alexsmobs:fly":2,"hordes:zombie_player":2,"undead_revamp2:bomber":8,"zombie_extreme:demolisher":1,"minecraft:drowned":3,"zombie_extreme:runner":4,"minecraft:husk":23,"undead_revamp2:the_moonflower":5},"minecraft:dropped":{"apocalypsenow:kitchen_knife":1,"contenttweaker:rubber":4,"minecraft:glass_bottle":14,"tac:round45":210,"apocalypsenow:police_leggings":1,"apocalypsenow:u_sarmy_leggings":1,"minecraft:emerald":1,"sophisticatedbackpacks:gold_backpack":5,"minecraft:cyan_terracotta":3,"minecraft:dirt":2,"firstaid:bandage":23,"quark:light_gray_shard":11,"apocalypsenow:night_stick":2,"apocalypsenow:construction_leggings":9,"solcarrot:food_book":2,"apocalypsenow:construction_helmet":3,"minecraft:sand":130,"tac:m92fs":1,"minecraft:white_wool":3,"apocalypsenow:glassbottle":1,"minecraft:bone":12,"minecraft:compass":1,"create:andesite_bars":3,"apocalypsenow:broken_tv":1,"pfm:dark_wood_kitchen_drawer":4,"biomesoplenty:redwood_sapling":1,"apocalypsenow:small_can":3,"minecraft:rotten_flesh":27,"minecraft:oak_planks":1,"apocalypsenow:money":2,"minecraft:glowstone_dust":17,"embellishcraft:sturdy_steel_door":2,"patchouli:guide_book":1,"immersiveengineering:cokebrick":1,"create:framed_glass_trapdoor":1,"minecraft:leather_boots":2,"tac:ae50":6,"minecraft:iron_bars":2,"minecraft:podzol":1,"minecraft:egg":5,"apocalypsenow:human_flesh":1,"minecraft:oak_slab":2,"apocalypsenow:police_boots":1,"apocalypsenow:police_helmet":2,"minecraft:wheat_seeds":1,"embellishcraft:spruce_wooden_crate":4,"tac:glock_18":1,"tac:glock_17":1,"minecraft:cobblestone":1,"minecraft:lead":1,"minecraft:spruce_button":2,"quark:gray_shard":11,"minecraft:chainmail_helmet":1,"tac:mk23":2,"tac:m4":1,"apocalypsenow:fire_figther_chestplate":1,"minecraft:torch":60,"minecraft:iron_door":8,"zombie_extreme:wooden_barricades":1,"minecraft:potion":36,"minecraft:string":39,"chalk:blue_chalk":2,"farmersdelight:pasta_with_meatballs":8,"quark:framed_glass_pane":3,"minecraft:bowl":4,"embellishcraft:smooth_marble":12,"farmersdelight:fruit_salad":1,"minecraft:clay_ball":96,"sophisticatedbackpacks:backpack":1,"apocalypsenow:red_football_armor_helmet":1,"apocalypsenow:electric_baton":30,"minecraft:stone_pickaxe":3,"minecraft:wooden_pickaxe":2,"firstaid:plaster":30,"tac:9mm_round":83},"minecraft:killed_by":{"minecraft:zombie":1,"minecraft:player":2},"minecraft:used":{"embellishcraft:sturdy_steel_door":1,"minecraft:chest":17,"embellishcraft:marble_slab":18,"farmersdelight:stove":4,"minecraft:stone":4,"embellishcraft:air_duct":1,"minecraft:rotten_flesh":3,"immersiveengineering:craftingtable":1,"apocalypsenow:apple_juice":1,"immersiveengineering:cokebrick":1,"farmersdelight:sweet_berry_cookie":1,"immersivepetroleum:asphalt":1,"minecraft:milk_bucket":1,"pfm:dark_wood_kitchen_drawer":1,"embellishcraft:smooth_marble":94,"apocalypsenow:coffee":2,"simplylight:illuminant_panel":15,"farmersdelight:vegetable_soup":1,"minecraft:cyan_terracotta":5,"simplylight:rodlamp":18,"apocalypsenow:beer":1,"minecraft:grass_block":11,"farmersdelight:melon_popsicle":1,"simplylight:lamp_post":1,"apocalypsenow:money_block":3,"apocalypsenow:combat_knife":60,"farmersdelight:salmon_roll":1,"embellishcraft:spruce_wooden_crate":1,"apocalypsenow:electric_baton":348,"immersiveengineering:razor_wire":322,"minecraft:oak_planks":1,"minecraft:wooden_pickaxe":7,"quark:gray_framed_glass":3,"minecraft:blast_furnace":2,"embellishcraft:warning_steel_door":2,"minecraft:lightning_rod":7,"minecraft:bread":2,"immersiveengineering:coil_lv":1,"embellishcraft:steel_wall_ladder":15,"minecraft:iron_door":1,"minecraft:gravel":1,"cfm:oak_upgraded_gate":20,"minecraft:smooth_stone_slab":2,"minecraft:bone_meal":138,"pfm:oak_gray_simple_bed":10,"minecraft:tinted_glass":1,"zombie_extreme:wooden_barricades":1,"minecraft:torch":169,"minecraft:dirt":36,"immersiveengineering:creosote_bucket":2,"apocalypsenow:police_leggings":1,"immersiveengineering:circuit_table":1,"pfm:dark_oak_light_gray_simple_bed":7,"minecraft:iron_hoe":2,"pfm:concrete_kitchen_drawer":4,"immersiveengineering:workbench":4,"minecraft:iron_axe":44,"carryon:entity_item":2,"easy_villagers:trader":21,"minecraft:smooth_quartz":87,"minecraft:podzol":121,"apocalypsenow:night_stick":101,"simplylight:wall_lamp":9,"sophisticatedbackpacks:gold_backpack":15,"minecraft:wheat_seeds":2,"minecraft:water_bucket":130,"apocalypsenow:wrapped_baseball_bat":17,"pfm:simple_light":2,"minecraft:glass_bottle":20,"pfm:oak_light_gray_simple_bed":7,"minecraft:leather_boots":1,"createaddition:barbed_wire":637,"minecraft:oak_slab":3,"minecraft:crafting_table":6,"apocalypsenow:police_helmet":1,"buildersdelight:industrial_flat_2":1,"minecraft:diamond_pickaxe":294,"farmersdelight:apple_cider":1,"minecraft:diamond_shovel":29,"farmersdelight:pasta_with_meatballs":3,"minecraft:iron_pickaxe":169,"cgm:grenade":2,"minecraft:leather_helmet":1,"immersiveengineering:sheetmetal_iron":1,"minecraft:cobblestone":4,"minecraft:potion":16,"chalk:blue_chalk":64,"minecraft:bucket":2,"minecraft:smooth_stone":3},"minecraft:picked_up":{"tac:mk23":2,"zombie_extreme:wooden_barricades":3,"minecraft:wheat":56,"immersiveengineering:plate_duroplast":2,"embellishcraft:warning_steel_door":2,"minecraft:lead":1,"embellishcraft:steel_wall_ladder":49,"minecraft:potion":76,"pfm:white_freezer":2,"apocalypsenow:can_opener":1,"minecraft:brewing_stand":1,"farmersdelight:cutting_board":2,"minecraft:string":370,"minecraft:raw_copper":5,"minecraft:smooth_stone_slab":1,"pfm:oak_gray_simple_bed":12,"farmersdelight:rice_roll_medley_block":1,"create:andesite_bars":3,"farmersdelight:fried_rice":2,"minecraft:smooth_stone":3,"farmersdelight:cabbage":7,"immersiveengineering:steel_slope":9,"immersiveengineering:capacitor_mv":1,"apocalypsenow:red_football_armor_chestplate":1,"minecraft:smooth_quartz":12,"create:contraption_controls":3,"minecraft:furnace":1,"simplylight:illuminant_panel":1,"minecraft:stick":9,"farmersdelight:potato_crate":2,"immersiveengineering:connector_hv":2,"embellishcraft:smooth_marble":48,"tac:m4":1,"minecraft:torch":67,"apocalypsenow:glassbottle":1,"chalk:blue_chalk":3,"refinedstorage:disk_drive":4,"apocalypsenow:fire_figther_leggings":6,"create:large_cogwheel":2,"farmersdelight:melon_popsicle":2,"farmersdelight:tomato_crate":1,"minecraft:light_gray_bed":2,"minecraft:rotten_flesh":476,"createaddition:barbed_wire":72,"farmersdelight:onion":2,"minecraft:iron_block":25,"minecraft:cyan_terracotta":14,"apocalypsenow:kitchen_knife":1,"alexsmobs:emu_egg":1,"pfm:dark_wood_kitchen_drawer":7,"apocalypsenow:police_boots":1,"minecraft:iron_bars":3,"embellishcraft:marble_slab":2,"apocalypsenow:money_block":29,"minecraft:cobblestone":149,"tac:round45":125,"minecraft:iron_door":12,"minecraft:potato":11,"contenttweaker:rubber":7,"farmersdelight:roast_chicken_block":1,"immersivepetroleum:asphalt":1,"apocalypsenow:construction_chestplate":5,"farmersdelight:cod_roll":1,"immersiveengineering:sheetmetal_iron":35,"minecraft:dirt":38,"farmersdelight:shepherds_pie_block":4,"minecraft:leather_boots":2,"minecraft:bone":390,"minecraft:stonecutter":1,"apocalypsenow:human_flesh":6,"minecraft:wheat_seeds":103,"zombie_extreme:shelf":1,"apocalypsenow:broken_tv":4,"create:shaft":1,"minecraft:glowstone_dust":17,"tac:9mm_round":127,"apocalypsenow:electric_baton":30,"minecraft:oak_planks":3,"apocalypsenow:red_football_armor_helmet":1,"firstaid:plaster":2,"quark:smooth_stone_vertical_slab":2,"farmersdelight:stuffed_pumpkin_block":3,"create:cogwheel":7,"apocalypsenow:small_can":6,"minecraft:sand":2,"immersiveengineering:coil_lv":8,"apocalypsenow:black_motorcycle_helmet_helmet":1,"alexsmobs:animal_dictionary":1,"minecraft:diamond":1,"minecraft:polished_blackstone_pressure_plate":1,"tac:m92fs":2,"minecraft:emerald":1,"farmersdelight:rice_bag":3,"minecraft:spruce_button":2,"minecraft:chainmail_helmet":1,"alexsmobs:maggot":2,"apocalypsenow:construction_helmet":7,"immersiveengineering:conveyor_basic":6,"pfm:dark_oak_light_gray_simple_bed":4,"pfm:oak_light_gray_simple_bed":8,"biomesoplenty:redwood_log":72,"sophisticatedbackpacks:gold_backpack":7,"minecraft:crafting_table":5,"minecraft:chicken":9,"tac:glock_18":1,"apocalypsenow:fire_figther_boots":6,"minecraft:clay_ball":32,"minecraft:wooden_pickaxe":1,"minecraft:gold_block":11,"apocalypsenow:u_sarmy_helmet":6,"create:schematic_table":1,"quark:gunpowder_sack":6,"pfm:gray_stove":1,"minecraft:flint_and_steel":1,"minecraft:iron_shovel":1,"minecraft:compass":1,"immersiveengineering:coil_hv":3,"apocalypsenow:night_stick":2,"apocalypsenow:construction_boots":3,"embellishcraft:sturdy_steel_door":4,"immersiveengineering:treated_fence":8,"refinedstorage:storage_monitor":1,"minecraft:tinted_glass":1,"minecraft:chest":1,"farmersdelight:kelp_roll_slice":3,"minecraft:egg":3,"farmersdelight:cabbage_crate":1,"farmersdelight:minced_beef":8,"minecraft:bowl":9,"sophisticatedbackpacks:backpack":2,"create:hand_crank":1,"minecraft:carrot":1,"apocalypsenow:combat_knife":2,"tac:b_magnum":5,"buildersdelight:industrial_flat_2":1,"immersiveengineering:steel_scaffolding_standard":11,"firstaid:bandage":1,"biomesoplenty:redwood_sapling":5,"minecraft:mutton":1,"immersiveengineering:light_engineering":5,"apocalypsenow:fire_figther_chestplate":7,"minecraft:white_wool":3,"immersiveengineering:metal_barrel":4,"create:framed_glass_trapdoor":1,"apocalypsenow:green_bikers_helmet":1,"minecraft:gunpowder":1,"tac:m1911":1,"apocalypsenow:u_sarmy_leggings":4,"immersiveengineering:cokebrick":1,"apocalypsenow:construction_leggings":13,"farmersdelight:cooking_pot":3,"embellishcraft:spruce_wooden_crate":5,"apocalypsenow:money":18,"farmersdelight:fruit_salad":1,"minecraft:iron_ingot":2,"minecraft:stone_pickaxe":3,"apocalypsenow:fire_figther_helmet":3,"minecraft:glass_bottle":26,"simplylight:illuminant_block":1,"tac:ae50":19,"apocalypsenow:blue_football_armor_boots":1,"quark:light_gray_shard":11,"minecraft:oak_slab":4,"contenttweaker:resistant_fabric":2,"minecraft:emerald_block":6,"minecraft:sweet_berries":1,"minecraft:gravel":1,"apocalypsenow:vodka":5,"minecraft:blast_furnace":2,"pfm:white_fridge":2,"create:turntable":2,"create:encased_fan":2,"quark:framed_glass_pane":3,"embellishcraft:air_duct":1,"tac:762x39":24,"quark:gray_shard":30,"minecraft:coal":2,"farmersdelight:stove":6,"immersiveengineering:capacitor_hv":4,"quark:gray_framed_glass":3}},"DataVersion":2975}