{"stats":{"minecraft:used":{"apocalypsenow:knife_spear":6,"minecraft:wooden_pickaxe":5},"minecraft:custom":{"minecraft:time_since_rest":4953,"minecraft:play_time":4953,"minecraft:damage_taken":30,"minecraft:walk_one_cm":9067,"minecraft:mob_kills":1,"minecraft:drop":2,"minecraft:jump":2,"minecraft:damage_dealt":148,"minecraft:time_since_death":4953,"minecraft:total_world_time":4953,"minecraft:climb_one_cm":136,"minecraft:fall_one_cm":569},"minecraft:picked_up":{"apocalypsenow:knife_spear":1,"minecraft:leather_chestplate":2,"minecraft:rotten_flesh":3,"tac:cz75":1,"apocalypsenow:anarchy_chestplate":1,"apocalypsenow:police_boots":1,"create:bar_of_chocolate":23,"tac:9mm_round":60,"farmersdelight:melon_juice":16,"apocalypsenow:anarchy_leggings":1},"minecraft:dropped":{"minecraft:leather_chestplate":2},"minecraft:killed":{"minecraft:zombie":2}},"DataVersion":2975}