{"stats":{"minecraft:used":{"minecraft:wooden_pickaxe":6,"apocalypsenow:knife_spear":40,"minecraft:torch":1,"minecraft:potion":1},"minecraft:custom":{"minecraft:time_since_rest":16953,"lootr:looted_stat":1,"minecraft:sprint_one_cm":254,"minecraft:damage_taken":113,"minecraft:walk_one_cm":61141,"minecraft:mob_kills":16,"minecraft:drop":14,"minecraft:damage_dealt":1677,"minecraft:toilet_used":2,"minecraft:freezer_opened":2,"minecraft:fly_one_cm":1112,"minecraft:play_time":16953,"minecraft:jump":40,"minecraft:drawer_searched":6,"minecraft:time_since_death":16953,"minecraft:climb_one_cm":1797,"minecraft:total_world_time":16953,"minecraft:fall_one_cm":778},"minecraft:picked_up":{"apocalypsenow:apple_juice":4,"minecraft:leather_chestplate":2,"apocalypsenow:knife_spear":1,"apocalypsenow:can_opener":1,"create:bar_of_chocolate":23,"apocalypsenow:anarchy_leggings":1,"minecraft:string":9,"minecraft:bone":4,"minecraft:rotten_flesh":3,"tac:cz75":1,"artifacts:crystal_heart":1,"apocalypsenow:anarchy_chestplate":1,"apocalypsenow:police_boots":1,"tac:9mm_round":60,"farmersdelight:melon_juice":16},"minecraft:dropped":{"minecraft:leather_chestplate":3,"contenttweaker:rubber":1,"minecraft:rotten_flesh":3,"apocalypsenow:can_opener":2,"minecraft:string":9,"apocalypsenow:black_motorcycle_helmet_helmet":1,"apocalypsenow:apple_juice":4,"apocalypsenow:vodka":5,"minecraft:bone":4},"minecraft:mined":{"pfm:oak_light_gray_simple_bed":1},"minecraft:killed":{"minecraft:husk":1,"minecraft:zombie":16}},"DataVersion":2975}