{"stats":{"minecraft:used":{"apocalypsenow:energy_drink":5,"minecraft:wooden_pickaxe":7,"minecraft:torch":7,"apocalypsenow:coke":5,"apocalypsenow:knife_spear":53,"minecraft:potion":3,"apocalypsenow:peach_juice":4,"apocalypsenow:golf_stick":22,"apocalypsenow:cereal":5},"minecraft:killed_by":{"minecraft:player":3,"minecraft:zombie":1},"minecraft:custom":{"lootr:looted_stat":3,"minecraft:mob_kills":39,"minecraft:toilet_used":2,"minecraft:time_since_death":3008,"minecraft:sleep_in_bed":1,"minecraft:climb_one_cm":3245,"minecraft:time_since_rest":3084,"minecraft:sprint_one_cm":39028,"minecraft:damage_taken":1295,"minecraft:walk_one_cm":272679,"minecraft:drop":27,"minecraft:damage_dealt":3214,"minecraft:fly_one_cm":12140,"minecraft:freezer_opened":2,"minecraft:crouch_one_cm":192,"minecraft:play_time":52953,"minecraft:deaths":4,"minecraft:sneak_time":25,"minecraft:jump":250,"minecraft:drawer_searched":7,"minecraft:walk_on_water_one_cm":441,"minecraft:total_world_time":52953,"minecraft:fall_one_cm":4629},"minecraft:picked_up":{"biomesoplenty:lavender":2,"apocalypsenow:apple_juice":10,"tac:round45":4,"apocalypsenow:knife_spear":3,"minecraft:leather_chestplate":2,"apocalypsenow:peach_juice":4,"apocalypsenow:coffee":28,"minecraft:wooden_pickaxe":2,"minecraft:potion":10,"apocalypsenow:cereal":123,"apocalypsenow:can_opener":3,"create:bar_of_chocolate":69,"minecraft:string":19,"minecraft:bone":42,"apocalypsenow:human_flesh":5,"apocalypsenow:mace":2,"apocalypsenow:money":30,"apocalypsenow:anarchy_chestplate":3,"tac:9mm_round":168,"apocalypsenow:hookey_stick":2,"apocalypsenow:grape_juice":12,"firstaid:plaster":2,"patchouli:guide_book":2,"apocalypsenow:small_can":9,"chalk:red_chalk":2,"minecraft:torch":108,"apocalypsenow:chips":66,"apocalypsenow:vodka":6,"apocalypsenow:anarchy_leggings":3,"apocalypsenow:coke":40,"apocalypsenow:golf_stick":2,"apocalypsenow:porpsi":82,"minecraft:rotten_flesh":6,"apocalypsenow:whisky":22,"apocalypsenow:baseball_bat":3,"artifacts:crystal_heart":3,"tac:cz75":3,"minecraft:gold_ingot":28,"minecraft:bread":16,"apocalypsenow:police_boots":3,"firstaid:bandage":14,"farmersdelight:melon_juice":48,"apocalypsenow:energy_drink":5},"minecraft:dropped":{"contenttweaker:rubber":3,"biomesoplenty:lavender":1,"minecraft:rotten_flesh":6,"patchouli:guide_book":1,"apocalypsenow:black_motorcycle_helmet_helmet":1,"apocalypsenow:apple_juice":4,"apocalypsenow:baseball_bat":1,"minecraft:leather_chestplate":3,"apocalypsenow:can_opener":2,"minecraft:string":14,"ftbquests:book":1,"chalk:blue_chalk":1,"apocalypsenow:vodka":5,"minecraft:bone":30},"minecraft:mined":{"minecraft:podzol":1,"pfm:oak_light_gray_simple_bed":1,"minecraft:torch":6,"biomesoplenty:lavender":4,"minecraft:grass":2,"minecraft:dirt":2},"minecraft:killed":{"minecraft:husk":2,"minecraft:zombie":31,"zombie_extreme:infected_police":1,"minecraft:drowned":1,"zombie_extreme:runner":1}},"DataVersion":2975}