{"stats":{"minecraft:used":{"apocalypsenow:energy_drink":5,"minecraft:wooden_pickaxe":7,"minecraft:torch":8,"apocalypsenow:whisky":1,"apocalypsenow:coke":5,"apocalypsenow:baseball_bat":8,"apocalypsenow:knife_spear":55,"minecraft:potion":4,"apocalypsenow:peach_juice":4,"apocalypsenow:golf_stick":22,"apocalypsenow:cereal":5,"apocalypsenow:mace":8},"minecraft:killed_by":{"minecraft:player":3,"minecraft:zombie":1},"minecraft:custom":{"lootr:looted_stat":3,"minecraft:mob_kills":47,"minecraft:toilet_used":2,"minecraft:leave_game":1,"minecraft:time_since_death":26890,"minecraft:sleep_in_bed":3,"minecraft:climb_one_cm":5813,"minecraft:time_since_rest":9802,"minecraft:sprint_one_cm":39590,"minecraft:damage_taken":1336,"minecraft:walk_one_cm":329788,"minecraft:drop":34,"minecraft:damage_dealt":3708,"minecraft:fly_one_cm":13005,"minecraft:freezer_opened":2,"minecraft:open_chest":41,"minecraft:crouch_one_cm":200,"minecraft:play_time":76835,"minecraft:deaths":4,"minecraft:sneak_time":432,"minecraft:walk_under_water_one_cm":188,"minecraft:jump":329,"minecraft:drawer_searched":7,"minecraft:walk_on_water_one_cm":1134,"minecraft:total_world_time":76835,"minecraft:fall_one_cm":5314},"minecraft:broken":{"apocalypsenow:knife_spear":1},"minecraft:picked_up":{"biomesoplenty:lavender":2,"apocalypsenow:apple_juice":10,"tac:round45":4,"apocalypsenow:knife_spear":3,"minecraft:leather_chestplate":2,"apocalypsenow:peach_juice":4,"apocalypsenow:coffee":28,"minecraft:wooden_pickaxe":2,"minecraft:potion":10,"apocalypsenow:cereal":123,"apocalypsenow:can_opener":3,"create:bar_of_chocolate":69,"minecraft:string":19,"minecraft:bone":44,"apocalypsenow:human_flesh":5,"apocalypsenow:mace":2,"apocalypsenow:money":30,"apocalypsenow:anarchy_chestplate":3,"minecraft:glass_bottle":1,"tac:9mm_round":169,"apocalypsenow:hookey_stick":2,"apocalypsenow:grape_juice":12,"firstaid:plaster":2,"patchouli:guide_book":2,"apocalypsenow:small_can":9,"chalk:red_chalk":2,"minecraft:torch":110,"apocalypsenow:chips":66,"apocalypsenow:vodka":6,"apocalypsenow:glassbottle":1,"apocalypsenow:anarchy_leggings":3,"apocalypsenow:coke":40,"apocalypsenow:golf_stick":2,"apocalypsenow:porpsi":82,"minecraft:rotten_flesh":8,"apocalypsenow:whisky":22,"apocalypsenow:baseball_bat":3,"artifacts:crystal_heart":3,"tac:cz75":3,"minecraft:gold_ingot":28,"minecraft:bread":16,"apocalypsenow:police_boots":3,"firstaid:bandage":14,"farmersdelight:melon_juice":48,"apocalypsenow:money_block":2,"apocalypsenow:energy_drink":5},"minecraft:dropped":{"contenttweaker:rubber":3,"minecraft:glass_bottle":2,"biomesoplenty:lavender":1,"minecraft:rotten_flesh":8,"patchouli:guide_book":1,"apocalypsenow:black_motorcycle_helmet_helmet":1,"apocalypsenow:apple_juice":4,"apocalypsenow:baseball_bat":1,"minecraft:leather_chestplate":3,"apocalypsenow:money_block":2,"apocalypsenow:can_opener":2,"minecraft:string":14,"ftbquests:book":1,"apocalypsenow:glassbottle":2,"chalk:blue_chalk":1,"apocalypsenow:vodka":5,"minecraft:bone":30},"minecraft:mined":{"minecraft:podzol":1,"pfm:oak_light_gray_simple_bed":1,"minecraft:torch":7,"minecraft:wall_torch":1,"biomesoplenty:lavender":4,"minecraft:grass":2,"minecraft:dirt":2},"minecraft:killed":{"minecraft:husk":6,"undead_revamp2:thesmoker":1,"minecraft:zombie":33,"zombie_extreme:infected_police":1,"minecraft:drowned":2,"zombie_extreme:runner":1}},"DataVersion":2975}