{"stats":{"minecraft:used":{"minecraft:wooden_pickaxe":7,"apocalypsenow:knife_spear":51,"minecraft:torch":1,"minecraft:potion":3},"minecraft:killed_by":{"minecraft:player":1},"minecraft:custom":{"minecraft:time_since_rest":1816,"lootr:looted_stat":3,"minecraft:sprint_one_cm":461,"minecraft:damage_taken":507,"minecraft:walk_one_cm":131589,"minecraft:mob_kills":30,"minecraft:drop":17,"minecraft:damage_dealt":2204,"minecraft:toilet_used":2,"minecraft:freezer_opened":2,"minecraft:fly_one_cm":1995,"minecraft:crouch_one_cm":111,"minecraft:play_time":28953,"minecraft:deaths":1,"minecraft:sneak_time":14,"minecraft:jump":63,"minecraft:drawer_searched":7,"minecraft:time_since_death":1749,"minecraft:sleep_in_bed":1,"minecraft:climb_one_cm":3245,"minecraft:total_world_time":28953,"minecraft:fall_one_cm":2595},"minecraft:picked_up":{"apocalypsenow:grape_juice":6,"apocalypsenow:apple_juice":7,"firstaid:plaster":1,"minecraft:leather_chestplate":2,"apocalypsenow:knife_spear":2,"apocalypsenow:peach_juice":4,"apocalypsenow:coffee":14,"patchouli:guide_book":1,"chalk:red_chalk":1,"minecraft:torch":53,"minecraft:wooden_pickaxe":1,"apocalypsenow:chips":33,"minecraft:potion":5,"apocalypsenow:cereal":64,"apocalypsenow:can_opener":2,"apocalypsenow:vodka":3,"create:bar_of_chocolate":46,"apocalypsenow:anarchy_leggings":2,"minecraft:string":9,"apocalypsenow:coke":22,"apocalypsenow:golf_stick":1,"apocalypsenow:porpsi":14,"minecraft:bone":6,"apocalypsenow:whisky":11,"minecraft:rotten_flesh":3,"apocalypsenow:baseball_bat":2,"apocalypsenow:human_flesh":1,"tac:cz75":2,"artifacts:crystal_heart":2,"apocalypsenow:money":15,"apocalypsenow:mace":1,"minecraft:bread":8,"minecraft:gold_ingot":14,"apocalypsenow:anarchy_chestplate":2,"apocalypsenow:police_boots":2,"firstaid:bandage":7,"tac:9mm_round":113,"farmersdelight:melon_juice":32,"apocalypsenow:hookey_stick":1,"apocalypsenow:energy_drink":5},"minecraft:dropped":{"minecraft:leather_chestplate":3,"contenttweaker:rubber":3,"minecraft:rotten_flesh":3,"apocalypsenow:can_opener":2,"minecraft:string":9,"chalk:blue_chalk":1,"apocalypsenow:black_motorcycle_helmet_helmet":1,"apocalypsenow:apple_juice":4,"apocalypsenow:vodka":5,"minecraft:bone":4,"apocalypsenow:baseball_bat":1},"minecraft:mined":{"pfm:oak_light_gray_simple_bed":1},"minecraft:killed":{"minecraft:husk":1,"minecraft:zombie":25,"zombie_extreme:infected_police":1}},"DataVersion":2975}